facility_id,year,month,anc1_visits,anc4_visits,total_deliveries,skilled_deliveries,children_immunised,low_birth_weight,maternal_deaths
F001,2023,1,116,84,125,87,96,6,0
F001,2023,2,126,95,109,101,97,12,0
F001,2023,3,112,88,91,76,97,6,0
F001,2023,4,111,76,123,116,97,8,0
F001,2023,5,156,114,127,111,116,9,0
F001,2023,6,156,121,111,79,130,9,0
F001,2023,7,118,91,124,111,131,10,0
F001,2023,8,131,73,95,88,126,6,0
F001,2023,9,133,73,93,69,110,6,0
F001,2023,10,139,85,117,96,123,12,0
F001,2023,11,126,77,84,69,113,7,0
F001,2023,12,124,85,120,95,109,10,0
F001,2024,1,138,99,124,97,113,11,0
F001,2024,2,147,94,129,118,105,13,0
F001,2024,3,124,98,117,100,129,12,0
F001,2024,4,134,94,106,75,108,5,0
F001,2024,5,114,75,105,84,123,6,0
F001,2024,6,155,121,102,78,105,8,0
F001,2024,7,135,84,124,115,112,9,0
F001,2024,8,131,72,101,72,105,8,0
F001,2024,9,116,90,110,94,112,8,0
F001,2024,10,110,67,124,111,107,6,0
F001,2024,11,108,77,124,97,130,12,0
F001,2024,12,108,83,126,105,102,8,0
F002,2023,1,79,45,66,61,68,3,0
F002,2023,2,69,39,70,62,61,7,0
F002,2023,3,92,56,47,40,74,2,0
F002,2023,4,95,69,66,55,61,7,0
F002,2023,5,96,71,48,39,70,2,0
F002,2023,6,75,52,55,42,67,6,0
F002,2023,7,88,60,74,52,61,7,0
F002,2023,8,77,44,64,51,73,7,0
F002,2023,9,69,46,67,60,75,7,0
F002,2023,10,66,47,69,56,62,5,0
F002,2023,11,76,58,50,36,67,3,0
F002,2023,12,87,51,65,59,78,5,0
F002,2024,1,93,55,74,52,74,4,0
F002,2024,2,81,48,51,36,60,3,0
F002,2024,3,66,45,77,54,70,3,0
F002,2024,4,90,59,53,49,71,4,0
F002,2024,5,91,62,53,48,76,5,0
F002,2024,6,85,56,57,44,63,6,0
F002,2024,7,92,67,72,54,58,3,0
F002,2024,8,72,54,73,64,57,6,0
F002,2024,9,95,64,48,36,76,4,0
F002,2024,10,85,46,56,51,78,5,0
F002,2024,11,89,67,49,40,60,4,0
F002,2024,12,69,45,55,40,61,5,0
F003,2023,1,125,88,81,73,128,7,0
F003,2023,2,157,99,104,96,114,5,0
F003,2023,3,134,74,87,64,107,4,0
F003,2023,4,124,73,98,72,115,5,0
F003,2023,5,156,90,96,73,98,10,0
F003,2023,6,133,98,119,83,109,7,0
F003,2023,7,148,85,106,81,114,7,0
F003,2023,8,123,71,129,120,96,8,0
F003,2023,9,160,117,98,76,116,11,0
F003,2023,10,151,88,100,85,124,7,0
F003,2023,11,157,96,90,73,118,4,0
F003,2023,12,144,85,89,63,131,6,0
F003,2024,1,151,99,86,78,126,5,0
F003,2024,2,153,107,85,66,131,4,0
F003,2024,3,131,90,124,100,103,9,0
F003,2024,4,118,84,126,118,120,11,0
F003,2024,5,128,83,118,93,123,10,0
F003,2024,6,157,101,90,77,131,7,0
F003,2024,7,139,106,119,90,120,6,0
F003,2024,8,123,92,89,80,120,7,0
F003,2024,9,113,78,78,57,96,7,0
F003,2024,10,134,82,80,62,123,7,0
F003,2024,11,128,86,103,93,119,7,0
F003,2024,12,133,88,105,84,111,8,1
F005,2023,1,71,56,53,37,69,4,0
F005,2023,2,71,54,48,39,59,5,0
F005,2023,3,70,46,48,41,65,4,0
F005,2023,4,69,38,63,53,74,6,0
F005,2023,5,70,46,76,66,68,7,0
F005,2023,6,82,56,47,37,76,3,0
F005,2023,7,86,58,74,54,70,5,0
F005,2023,8,76,52,55,42,77,4,0
F005,2023,9,86,60,52,40,71,4,0
F005,2023,10,84,46,51,42,69,3,0
F005,2023,11,84,65,58,51,63,5,0
F005,2023,12,83,65,72,55,77,4,0
F005,2024,1,93,58,59,51,77,5,0
F005,2024,2,70,42,68,56,58,6,0
F005,2024,3,78,43,76,64,70,7,0
F005,2024,4,85,58,70,49,72,5,0
F005,2024,5,96,71,69,62,67,4,0
F005,2024,6,93,63,47,44,59,4,0
F005,2024,7,82,58,54,47,61,2,0
F005,2024,8,96,55,62,48,78,4,0
F005,2024,9,73,53,55,49,68,4,0
F005,2024,10,88,49,67,57,66,3,0
F005,2024,11,91,71,61,46,77,4,1
F005,2024,12,68,44,56,52,60,5,0
F006,2023,1,81,50,60,51,64,4,0
F006,2023,2,69,43,72,57,61,4,0
F006,2023,3,97,57,78,62,70,4,0
F006,2023,4,68,54,55,41,61,5,0
F006,2023,5,82,58,63,59,70,6,0
F006,2023,6,86,60,59,43,71,3,0
F006,2023,7,88,52,60,48,59,3,0
F006,2023,8,80,56,48,44,61,4,0
F006,2023,9,74,54,52,38,62,3,0
F006,2023,10,65,47,51,41,76,5,0
F006,2023,11,65,48,49,41,58,5,0
F006,2023,12,66,38,59,53,70,4,0
F006,2024,1,74,54,48,34,76,5,0
F006,2024,2,69,50,62,48,74,6,0
F006,2024,3,64,45,52,45,64,5,0
F006,2024,4,95,63,76,56,68,8,0
F006,2024,5,78,50,73,67,69,4,0
F006,2024,6,66,45,68,60,59,3,0
F006,2024,7,71,55,47,34,58,2,0
F006,2024,8,69,45,60,53,62,6,0
F006,2024,9,89,58,51,41,72,3,0
F006,2024,10,96,59,75,65,63,4,0
F006,2024,11,69,44,65,51,73,7,0
F006,2024,12,82,55,58,49,69,6,0
F008,2023,1,147,83,116,100,127,7,0
F008,2023,2,136,101,126,112,97,13,0
F008,2023,3,158,115,79,68,118,9,0
F008,2023,4,134,97,94,84,104,9,0
F008,2023,5,140,87,114,94,130,13,0
F008,2023,6,147,113,81,76,128,9,0
F008,2023,7,142,105,116,107,113,12,0
F008,2023,8,151,91,119,86,124,9,0
F008,2023,9,150,115,79,67,111,5,0
F008,2023,10,141,83,108,77,118,6,0
F008,2023,11,114,72,97,82,130,5,0
F008,2023,12,149,92,109,76,119,9,0
F008,2024,1,112,83,122,108,104,11,0
F008,2024,2,128,101,112,106,104,7,0
F008,2024,3,111,85,115,95,96,12,0
F008,2024,4,158,96,96,82,104,11,0
F008,2024,5,150,116,123,105,122,7,0
F008,2024,6,152,89,87,74,124,5,0
F008,2024,7,116,91,105,81,105,8,0
F008,2024,8,139,103,112,91,113,8,1
F008,2024,9,109,70,112,78,110,6,0
F008,2024,10,118,76,127,111,127,14,0
F008,2024,11,131,86,78,69,117,4,0
F008,2024,12,110,74,131,116,119,10,0
F009,2023,1,35,25,23,21,27,2,0
F009,2023,2,40,25,32,28,28,2,0
F009,2023,3,38,26,30,28,34,2,0
F009,2023,4,36,24,26,19,31,1,0
F009,2023,5,33,20,31,24,30,2,0
F009,2023,6,36,26,27,19,31,2,0
F009,2023,7,31,24,27,25,27,2,0
F009,2023,8,33,22,33,30,31,2,0
F009,2023,9,35,22,21,15,25,1,0
F009,2023,10,35,22,30,26,29,3,0
F009,2023,11,41,31,27,24,28,2,0
F009,2023,12,32,24,21,18,29,1,0
F009,2024,1,33,19,27,24,35,1,0
F009,2024,2,35,24,32,23,33,3,0
F009,2024,3,40,25,23,18,30,2,0
F009,2024,4,30,22,25,21,32,1,0
F009,2024,5,41,22,25,21,32,1,0
F009,2024,6,32,22,32,28,31,2,0
F009,2024,7,33,23,34,30,31,2,0
F009,2024,8,31,19,34,31,32,2,0
F009,2024,9,42,23,25,22,27,2,0
F009,2024,10,28,18,25,18,30,1,0
F009,2024,11,30,16,23,19,29,1,1
F009,2024,12,33,19,24,21,29,2,0
F010,2023,1,34,22,27,21,25,1,0
F010,2023,2,39,23,34,30,25,2,0
F010,2023,3,33,21,25,19,33,2,0
F010,2023,4,34,25,33,29,31,2,0
F010,2023,5,30,16,21,17,31,2,0
F010,2023,6,30,18,29,22,33,2,0
F010,2023,7,33,22,21,16,26,1,0
F010,2023,8,31,23,27,24,33,1,0
F010,2023,9,41,24,29,27,32,1,0
F010,2023,10,34,23,21,17,31,1,0
F010,2023,11,35,26,21,16,29,1,0
F010,2023,12,41,23,29,22,26,2,0
F010,2024,1,41,27,29,25,26,2,0
F010,2024,2,35,24,29,25,30,2,0
F010,2024,3,29,17,29,27,27,2,0
F010,2024,4,36,22,27,24,30,3,0
F010,2024,5,39,25,29,27,32,2,0
F010,2024,6,31,24,33,24,32,1,0
F010,2024,7,29,21,21,16,30,1,0
F010,2024,8,29,21,23,20,34,1,0
F010,2024,9,39,22,32,25,32,2,0
F010,2024,10,29,17,28,26,32,2,0
F010,2024,11,38,28,32,23,27,1,0
F010,2024,12,29,17,29,25,33,2,0
F012,2023,1,37,26,27,22,33,1,0
F012,2023,2,37,23,28,20,27,2,0
F012,2023,3,29,22,29,22,32,2,0
F012,2023,4,39,28,28,21,31,1,0
F012,2023,5,31,21,33,31,32,3,0
F012,2023,6,38,25,32,27,25,2,0
F012,2023,7,42,23,26,24,26,3,0
F012,2023,8,41,26,29,26,29,1,0
F012,2023,9,38,28,24,22,29,2,0
F012,2023,10,42,26,28,26,30,1,0
F012,2023,11,32,22,27,23,34,1,0
F012,2023,12,32,17,24,17,29,2,0
F012,2024,1,34,22,29,24,27,1,0
F012,2024,2,33,25,26,22,26,1,0
F012,2024,3,33,22,23,21,26,2,0
F012,2024,4,30,22,26,19,34,2,0
F012,2024,5,35,25,30,24,30,2,0
F012,2024,6,31,20,24,20,29,1,0
F012,2024,7,32,21,23,17,31,1,0
F012,2024,8,41,27,29,25,32,2,0
F012,2024,9,31,21,33,31,33,2,0
F012,2024,10,31,19,28,21,30,1,0
F012,2024,11,31,19,30,26,27,1,0
F012,2024,12,30,18,25,22,33,2,0
F013,2023,1,131,90,104,95,109,5,0
F013,2023,2,154,97,95,78,131,6,0
F013,2023,3,141,87,103,89,101,7,0
F013,2023,4,126,83,88,65,122,7,0
F013,2023,5,155,91,112,102,130,11,0
F013,2023,6,136,87,107,97,100,6,0
F013,2023,7,146,83,100,81,126,5,0
F013,2023,8,153,108,102,72,123,11,0
F013,2023,9,152,116,127,102,129,13,0
F013,2023,10,137,99,100,88,99,11,0
F013,2023,11,139,92,106,97,120,11,0
F013,2023,12,117,91,107,101,124,10,0
F013,2024,1,149,118,124,98,125,10,0
F013,2024,2,153,113,104,92,105,7,0
F013,2024,3,141,110,86,63,96,10,0
F013,2024,4,150,111,122,106,124,7,0
F013,2024,5,147,85,105,85,116,11,0
F013,2024,6,157,103,109,94,117,7,0
F013,2024,7,159,113,106,87,101,6,0
F013,2024,8,160,108,117,82,120,9,0
F013,2024,9,134,100,118,89,119,11,0
F013,2024,10,140,99,112,90,102,10,0
F013,2024,11,128,80,86,67,115,7,0
F013,2024,12,150,82,129,107,114,13,0
F014,2023,1,39,26,22,20,30,1,0
F014,2023,2,41,24,26,19,34,2,0
F014,2023,3,33,22,28,21,32,1,0
F014,2023,4,30,17,23,18,33,2,0
F014,2023,5,41,24,28,26,33,1,0
F014,2023,6,38,25,32,24,34,3,0
F014,2023,7,37,24,34,26,33,2,0
F014,2023,8,31,21,28,26,26,2,0
F014,2023,9,32,18,22,20,34,1,0
F014,2023,10,34,23,27,21,27,1,0
F014,2023,11,30,20,22,19,25,1,0
F014,2023,12,30,22,28,23,33,2,0
F014,2024,1,31,20,21,16,29,1,0
F014,2024,2,41,23,33,23,31,2,0
F014,2024,3,29,22,21,17,33,2,0
F014,2024,4,34,24,23,19,25,1,0
F014,2024,5,29,16,28,25,34,1,0
F014,2024,6,28,21,31,24,29,3,0
F014,2024,7,34,26,27,24,27,2,0
F014,2024,8,29,21,34,23,32,3,0
F014,2024,9,41,26,24,18,25,2,0
F014,2024,10,34,21,21,16,33,1,0
F014,2024,11,35,19,33,28,33,3,0
F014,2024,12,31,18,29,23,26,3,0
F015,2023,1,95,71,56,39,64,5,0
F015,2023,2,83,59,60,45,69,3,0
F015,2023,3,86,58,77,63,61,7,0
F015,2023,4,93,51,47,42,64,3,0
F015,2023,5,80,44,69,55,62,4,0
F015,2023,6,64,48,47,39,74,5,0
F015,2023,7,92,62,68,59,63,7,0
F015,2023,8,70,40,50,43,70,2,0
F015,2023,9,67,53,50,41,77,2,0
F015,2023,10,92,53,62,48,67,4,0
F015,2023,11,88,68,59,54,67,4,1
F015,2023,12,77,59,67,57,72,7,0
F015,2024,1,73,43,66,53,66,7,0
F015,2024,2,82,60,62,58,57,6,0
F015,2024,3,96,66,62,57,75,4,0
F015,2024,4,72,48,70,50,63,4,0
F015,2024,5,92,61,68,57,67,4,0
F015,2024,6,92,58,58,40,69,3,0
F015,2024,7,84,46,60,50,64,3,0
F015,2024,8,94,57,72,62,70,4,0
F015,2024,9,66,49,48,39,61,3,0
F015,2024,10,68,49,68,55,60,4,1
F015,2024,11,74,49,71,49,61,4,0
F015,2024,12,94,67,49,37,59,3,0
F016,2023,1,82,63,58,54,68,3,1
F016,2023,2,77,61,61,43,74,4,0
F016,2023,3,68,40,53,47,70,4,0
F016,2023,4,68,50,77,71,69,8,0
F016,2023,5,86,54,77,56,58,8,0
F016,2023,6,77,56,73,69,65,6,0
F016,2023,7,77,48,48,36,65,4,0
F016,2023,8,92,70,56,50,75,5,0
F016,2023,9,76,58,74,62,61,5,1
F016,2023,10,81,57,71,51,62,6,0
F016,2023,11,86,50,55,51,72,5,0
F016,2023,12,75,51,64,60,76,5,0
F016,2024,1,65,41,63,47,70,7,0
F016,2024,2,92,55,77,63,76,7,0
F016,2024,3,91,55,75,57,59,6,0
F016,2024,4,90,62,69,63,70,6,0
F016,2024,5,75,57,75,63,58,5,0
F016,2024,6,96,71,58,50,58,4,0
F016,2024,7,97,74,55,44,66,3,0
F016,2024,8,72,53,76,59,74,5,0
F016,2024,9,74,57,66,55,61,5,0
F016,2024,10,80,47,55,41,73,3,0
F016,2024,11,84,58,78,60,66,5,0
F016,2024,12,68,53,49,37,61,5,0
F017,2023,1,85,51,77,68,67,8,0
F017,2023,2,85,62,48,37,73,2,0
F017,2023,3,90,53,55,50,66,3,0
F017,2023,4,86,57,64,45,78,5,0
F017,2023,5,74,44,74,60,60,5,0
F017,2023,6,78,44,70,54,65,7,1
F017,2023,7,71,47,62,55,62,4,0
F017,2023,8,91,57,58,54,76,4,0
F017,2023,9,71,50,71,58,64,4,0
F017,2023,10,80,58,47,43,68,4,0
F017,2023,11,71,41,64,50,68,7,0
F017,2023,12,76,50,63,59,76,6,0
F017,2024,1,67,48,48,44,60,3,0
F017,2024,2,87,59,71,57,67,4,0
F017,2024,3,94,70,61,54,66,3,0
F017,2024,4,71,40,49,39,60,2,0
F017,2024,5,81,64,56,39,62,5,0
F017,2024,6,90,54,65,56,66,5,0
F017,2024,7,70,46,64,60,69,3,0
F017,2024,8,94,62,51,44,71,5,0
F017,2024,9,68,38,58,43,70,4,0
F017,2024,10,72,56,50,39,58,2,0
F017,2024,11,81,46,70,62,67,3,0
F017,2024,12,74,59,62,49,72,4,0
F018,2023,1,28,20,24,17,30,1,0
F018,2023,2,38,25,29,24,30,3,0
F018,2023,3,42,33,31,28,34,3,0
F018,2023,4,38,25,24,20,27,1,0
F018,2023,5,34,23,23,21,33,1,0
F018,2023,6,33,22,22,19,28,2,0
F018,2023,7,40,29,24,17,32,2,1
F018,2023,8,38,23,27,25,28,3,0
F018,2023,9,36,28,24,19,35,2,0
F018,2023,10,43,25,26,20,29,2,0
F018,2023,11,31,20,30,25,32,2,0
F018,2023,12,40,29,27,21,32,3,0
F018,2024,1,41,29,29,25,29,2,0
F018,2024,2,34,25,25,21,31,1,0
F018,2024,3,41,26,30,26,30,3,0
F018,2024,4,40,31,28,22,28,2,0
F018,2024,5,41,26,22,18,34,1,0
F018,2024,6,36,25,32,29,27,2,0
F018,2024,7,36,21,31,28,29,2,0
F018,2024,8,33,19,32,25,31,1,0
F018,2024,9,40,23,25,23,30,2,0
F018,2024,10,39,28,34,27,29,3,0
F018,2024,11,28,21,28,25,34,1,0
F018,2024,12,30,17,29,26,34,2,0
F019,2023,1,33,19,28,25,26,3,0
F019,2023,2,42,32,32,28,27,3,0
F019,2023,3,32,22,21,18,33,1,0
F019,2023,4,41,23,34,26,29,2,0
F019,2023,5,34,24,28,26,32,2,0
F019,2023,6,39,29,26,23,28,1,0
F019,2023,7,39,28,32,23,31,1,1
F019,2023,8,35,22,22,20,33,2,0
F019,2023,9,31,17,26,18,32,1,0
F019,2023,10,34,22,29,23,28,1,0
F019,2023,11,41,26,29,23,29,3,0
F019,2023,12,34,18,28,21,35,2,0
F019,2024,1,32,21,23,19,31,2,0
F019,2024,2,34,24,28,25,34,2,0
F019,2024,3,35,22,28,21,28,1,0
F019,2024,4,32,20,27,21,26,2,0
F019,2024,5,36,21,27,19,27,2,0
F019,2024,6,31,17,30,23,27,3,0
F019,2024,7,30,17,34,29,28,2,0
F019,2024,8,29,16,23,18,33,2,0
F019,2024,9,30,18,26,19,29,2,0
F019,2024,10,31,22,30,23,34,1,0
F019,2024,11,34,22,34,32,31,3,0
F019,2024,12,38,27,31,22,33,2,0
F020,2023,1,29,19,25,22,31,1,0
F020,2023,2,40,25,24,16,27,2,0
F020,2023,3,32,19,28,24,26,3,0
F020,2023,4,37,29,24,19,30,2,0
F020,2023,5,40,28,29,24,25,3,0
F020,2023,6,32,24,34,26,30,2,0
F020,2023,7,39,30,24,17,28,1,0
F020,2023,8,31,17,22,17,28,1,0
F020,2023,9,29,20,24,21,27,1,0
F020,2023,10,35,27,33,25,26,2,0
F020,2023,11,32,21,34,31,25,2,0
F020,2023,12,37,26,30,21,31,2,0
F020,2024,1,35,27,27,19,27,2,0
F020,2024,2,40,28,23,17,34,1,0
F020,2024,3,43,34,30,23,32,2,0
F020,2024,4,39,26,27,22,27,2,0
F020,2024,5,39,26,21,19,33,2,0
F020,2024,6,40,23,21,15,32,1,0
F020,2024,7,40,27,25,21,29,1,0
F020,2024,8,36,23,31,23,28,3,0
F020,2024,9,40,31,30,23,26,2,0
F020,2024,10,29,19,21,15,27,1,0
F020,2024,11,32,21,28,26,33,2,0
F020,2024,12,33,25,25,19,29,2,0
F021,2023,1,84,47,49,36,62,2,0
F021,2023,2,69,43,77,71,60,5,0
F021,2023,3,81,49,72,58,68,8,0
F021,2023,4,91,60,72,63,75,7,0
F021,2023,5,72,43,57,53,70,6,1
F021,2023,6,82,50,57,45,65,4,0
F021,2023,7,86,51,65,59,73,4,0
F021,2023,8,73,40,49,38,71,5,0
F021,2023,9,93,66,67,53,60,4,0
F021,2023,10,76,58,58,46,58,6,0
F021,2023,11,71,52,56,52,67,3,0
F021,2023,12,86,48,66,59,68,4,0
F021,2024,1,93,53,56,42,64,3,0
F021,2024,2,85,64,58,50,75,3,0
F021,2024,3,86,56,70,49,72,6,0
F021,2024,4,72,56,63,59,67,4,0
F021,2024,5,88,54,48,41,70,4,0
F021,2024,6,65,47,64,60,72,3,0
F021,2024,7,95,70,60,47,60,4,1
F021,2024,8,85,55,50,46,73,5,0
F021,2024,9,85,50,54,37,60,4,0
F021,2024,10,72,53,71,54,75,4,1
F021,2024,11,75,53,49,46,74,4,0
F021,2024,12,83,65,48,39,68,2,0
F022,2023,1,86,59,73,55,63,7,0
F022,2023,2,95,69,52,41,58,3,0
F022,2023,3,87,63,76,66,65,4,0
F022,2023,4,84,54,72,63,67,7,0
F022,2023,5,91,63,66,58,62,3,0
F022,2023,6,67,45,63,56,69,5,0
F022,2023,7,93,73,47,42,64,2,0
F022,2023,8,81,56,63,44,76,5,0
F022,2023,9,91,64,65,57,68,5,0
F022,2023,10,87,48,61,47,76,3,0
F022,2023,11,88,62,47,35,60,2,0
F022,2023,12,85,56,63,57,58,5,0
F022,2024,1,86,48,58,54,77,3,0
F022,2024,2,93,72,75,70,62,3,0
F022,2024,3,73,49,62,51,70,3,0
F022,2024,4,90,68,71,49,67,6,0
F022,2024,5,67,45,66,57,60,4,0
F022,2024,6,89,59,52,45,71,5,0
F022,2024,7,85,66,75,54,71,8,0
F022,2024,8,78,52,78,64,69,5,0
F022,2024,9,78,45,69,48,62,8,0
F022,2024,10,89,53,67,48,65,6,0
F022,2024,11,70,44,78,72,58,9,0
F022,2024,12,90,58,59,51,62,3,0
F023,2023,1,40,23,33,25,29,1,0
F023,2023,2,43,27,31,29,30,1,0
F023,2023,3,34,22,34,25,34,2,0
F023,2023,4,31,19,28,19,30,2,1
F023,2023,5,38,25,32,29,32,3,0
F023,2023,6,35,25,31,23,31,3,0
F023,2023,7,36,23,31,25,25,2,0
F023,2023,8,34,22,31,26,32,3,0
F023,2023,9,42,33,32,22,31,2,0
F023,2023,10,40,24,32,26,28,3,0
F023,2023,11,31,23,28,21,33,1,0
F023,2023,12,29,20,28,19,30,1,1
F023,2024,1,34,25,25,19,28,2,0
F023,2024,2,35,21,30,28,27,1,0
F023,2024,3,35,26,32,27,26,3,0
F023,2024,4,31,20,34,32,34,3,0
F023,2024,5,36,27,31,27,28,3,0
F023,2024,6,37,26,28,24,32,3,0
F023,2024,7,31,19,21,16,34,1,0
F023,2024,8,38,28,33,24,26,2,0
F023,2024,9,36,19,28,20,35,2,0
F023,2024,10,34,22,24,19,26,1,0
F023,2024,11,31,22,22,15,32,2,0
F023,2024,12,36,23,26,22,28,1,0
F024,2023,1,33,23,25,20,28,2,0
F024,2023,2,31,18,27,25,30,2,0
F024,2023,3,35,23,31,26,31,1,0
F024,2023,4,34,20,23,19,27,1,0
F024,2023,5,30,21,21,17,32,2,0
F024,2023,6,40,30,25,23,26,2,0
F024,2023,7,38,27,22,15,28,2,0
F024,2023,8,39,25,30,23,34,2,0
F024,2023,9,38,26,24,21,30,1,0
F024,2023,10,42,33,32,27,34,3,0
F024,2023,11,36,26,22,19,32,1,0
F024,2023,12,40,23,34,28,26,3,0
F024,2024,1,31,24,24,20,29,1,0
F024,2024,2,38,29,27,23,34,3,0
F024,2024,3,35,21,30,21,29,2,0
F024,2024,4,36,26,24,20,28,1,0
F024,2024,5,31,20,24,18,30,2,0
F024,2024,6,31,23,22,19,30,2,0
F024,2024,7,33,22,23,16,30,1,0
F024,2024,8,42,26,22,19,34,1,0
F024,2024,9,42,25,21,18,31,2,0
F024,2024,10,32,25,26,22,33,1,0
F024,2024,11,37,25,25,22,29,1,0
F024,2024,12,29,16,26,22,31,1,0
F025,2023,1,35,25,32,22,25,3,0
F025,2023,2,38,27,34,27,29,2,0
F025,2023,3,30,20,24,17,29,2,0
F025,2023,4,31,21,28,24,33,1,0
F025,2023,5,30,22,32,26,26,3,0
F025,2023,6,41,30,25,20,32,1,0
F025,2023,7,40,22,30,25,26,2,0
F025,2023,8,39,29,28,24,34,2,0
F025,2023,9,36,25,34,26,28,3,0
F025,2023,10,28,16,27,19,34,3,0
F025,2023,11,41,26,28,21,33,2,0
F025,2023,12,30,19,24,20,34,1,0
F025,2024,1,38,21,32,29,30,3,0
F025,2024,2,37,28,24,17,31,1,0
F025,2024,3,33,19,28,22,28,1,0
F025,2024,4,33,21,22,15,27,1,0
F025,2024,5,34,27,21,14,25,1,1
F025,2024,6,41,31,31,25,25,2,1
F025,2024,7,42,27,23,21,33,2,0
F025,2024,8,40,28,29,20,32,1,0
F025,2024,9,29,22,21,18,31,1,0
F025,2024,10,41,28,26,22,27,1,0
F025,2024,11,41,29,34,32,26,1,0
F025,2024,12,41,27,22,19,33,2,0
F026,2023,1,152,89,108,81,115,11,0
F026,2023,2,117,90,89,75,128,9,0
F026,2023,3,143,100,97,70,117,10,0
F026,2023,4,158,101,123,101,112,14,0
F026,2023,5,143,88,113,97,125,6,0
F026,2023,6,143,79,95,88,113,6,0
F026,2023,7,116,75,93,78,120,5,0
F026,2023,8,144,108,110,78,112,8,0
F026,2023,9,143,85,110,102,118,11,0
F026,2023,10,125,76,107,96,116,9,0
F026,2023,11,141,95,96,79,115,8,0
F026,2023,12,110,61,124,99,115,12,0
F026,2024,1,126,86,79,72,119,9,0
F026,2024,2,138,98,97,87,98,10,0
F026,2024,3,119,88,113,88,107,6,0
F026,2024,4,114,72,121,105,109,11,0
F026,2024,5,145,99,101,85,96,5,0
F026,2024,6,138,80,89,81,105,5,0
F026,2024,7,160,99,104,73,100,11,0
F026,2024,8,145,94,112,103,107,7,0
F026,2024,9,141,90,129,112,128,14,0
F026,2024,10,134,89,91,84,97,8,0
F026,2024,11,131,93,110,102,99,11,0
F026,2024,12,146,110,91,78,107,9,0
F028,2023,1,65,40,71,50,60,4,0
F028,2023,2,92,61,58,44,78,6,0
F028,2023,3,89,65,76,69,65,8,0
F028,2023,4,76,44,63,52,77,7,0
F028,2023,5,88,57,59,55,68,5,0
F028,2023,6,74,58,62,46,58,3,0
F028,2023,7,77,47,73,55,67,6,0
F028,2023,8,73,51,63,48,57,6,0
F028,2023,9,74,41,68,54,74,5,0
F028,2023,10,94,66,74,61,70,7,0
F028,2023,11,85,64,58,49,64,4,0
F028,2023,12,81,46,53,48,71,3,0
F028,2024,1,84,63,75,65,59,3,0
F028,2024,2,87,57,71,54,75,5,0
F028,2024,3,82,65,74,61,70,5,0
F028,2024,4,72,47,71,58,79,4,0
F028,2024,5,89,57,77,64,62,6,0
F028,2024,6,85,48,76,65,74,5,0
F028,2024,7,75,53,64,47,74,5,0
F028,2024,8,88,68,61,51,58,6,0
F028,2024,9,71,40,78,54,64,8,0
F028,2024,10,69,48,72,63,64,5,0
F028,2024,11,89,69,60,46,69,6,0
F028,2024,12,78,44,48,39,67,3,0
F029,2023,1,38,23,29,22,27,1,0
F029,2023,2,32,22,23,17,29,1,0
F029,2023,3,31,19,32,23,26,2,0
F029,2023,4,38,23,23,16,33,2,0
F029,2023,5,34,19,30,22,26,2,0
F029,2023,6,29,19,22,20,25,2,0
F029,2023,7,32,19,23,17,29,1,0
F029,2023,8,41,26,34,25,29,2,0
F029,2023,9,37,25,28,26,25,1,0
F029,2023,10,33,24,22,19,34,1,0
F029,2023,11,41,27,30,26,34,2,0
F029,2023,12,39,27,28,20,26,3,0
F029,2024,1,39,23,25,20,34,1,0
F029,2024,2,42,32,32,29,26,2,0
F029,2024,3,30,18,21,16,31,2,0
F029,2024,4,34,24,23,16,30,2,0
F029,2024,5,40,31,30,22,29,2,0
F029,2024,6,34,23,28,20,28,1,0
F029,2024,7,35,23,26,21,26,1,0
F029,2024,8,39,23,33,24,30,2,0
F029,2024,9,42,27,26,21,28,1,0
F029,2024,10,41,22,27,21,28,2,0
F029,2024,11,40,27,31,26,32,2,0
F029,2024,12,42,32,27,24,32,1,0
F032,2023,1,123,68,91,65,104,4,0
F032,2023,2,110,72,108,98,99,11,0
F032,2023,3,121,84,118,106,99,8,0
F032,2023,4,153,121,86,68,100,5,0
F032,2023,5,130,99,129,94,96,13,0
F032,2023,6,158,98,86,76,101,6,1
F032,2023,7,120,69,115,80,99,6,0
F032,2023,8,140,96,114,87,104,6,0
F032,2023,9,134,76,127,99,123,11,0
F032,2023,10,114,89,131,97,106,13,0
F032,2023,11,130,87,98,69,123,10,0
F032,2023,12,140,92,109,86,109,12,1
F032,2024,1,118,83,80,57,104,9,0
F032,2024,2,114,89,126,110,108,10,0
F032,2024,3,130,87,127,113,111,11,0
F032,2024,4,151,108,108,94,127,6,0
F032,2024,5,117,73,128,94,106,7,0
F032,2024,6,118,69,106,80,114,11,0
F032,2024,7,158,99,116,87,117,6,0
F032,2024,8,144,106,123,95,131,13,0
F032,2024,9,145,115,94,69,108,5,0
F032,2024,10,116,87,99,86,114,10,0
F032,2024,11,139,84,124,106,97,9,0
F032,2024,12,160,115,89,83,106,6,0
F035,2023,1,33,24,31,28,27,3,0
F035,2023,2,38,26,32,23,34,3,1
F035,2023,3,32,17,29,22,30,2,0
F035,2023,4,36,28,25,23,26,1,0
F035,2023,5,31,17,21,16,34,1,0
F035,2023,6,33,24,26,21,30,2,0
F035,2023,7,39,22,28,24,34,2,0
F035,2023,8,36,26,28,24,26,3,0
F035,2023,9,38,27,25,18,32,2,0
F035,2023,10,38,29,22,16,32,2,0
F035,2023,11,33,21,30,28,26,2,0
F035,2023,12,41,27,32,29,33,3,0
F035,2024,1,36,22,21,15,33,1,0
F035,2024,2,39,28,34,25,29,2,0
F035,2024,3,32,25,29,22,27,3,0
F035,2024,4,41,31,34,25,26,2,0
F035,2024,5,32,23,21,15,32,2,0
F035,2024,6,38,21,33,29,27,3,0
F035,2024,7,43,25,26,22,33,1,0
F035,2024,8,35,23,27,23,32,1,0
F035,2024,9,34,26,24,19,31,1,0
F035,2024,10,39,28,31,22,28,3,0
F035,2024,11,39,25,29,22,26,1,0
F035,2024,12,33,22,21,16,31,2,0
F036,2023,1,150,84,87,65,98,9,0
F036,2023,2,138,110,93,79,96,10,0
F036,2023,3,155,88,82,66,120,5,0
F036,2023,4,112,84,98,68,99,9,0
F036,2023,5,137,76,100,89,112,10,0
F036,2023,6,122,75,90,84,107,4,0
F036,2023,7,122,71,102,72,101,7,0
F036,2023,8,128,73,96,70,128,7,0
F036,2023,9,133,76,89,70,102,5,0
F036,2023,10,142,93,95,81,130,10,0
F036,2023,11,125,75,123,87,103,13,0
F036,2023,12,108,63,117,97,131,8,0
F036,2024,1,117,91,107,86,124,10,0
F036,2024,2,140,88,128,115,110,7,1
F036,2024,3,158,115,110,83,98,12,0
F036,2024,4,158,114,92,65,125,8,0
F036,2024,5,116,84,111,103,99,11,0
F036,2024,6,145,108,88,73,126,6,0
F036,2024,7,146,111,92,67,108,8,0
F036,2024,8,125,70,100,76,102,6,0
F036,2024,9,131,91,99,80,106,5,0
F036,2024,10,126,99,87,74,100,9,0
F036,2024,11,122,67,101,82,118,6,0
F036,2024,12,132,74,104,86,128,7,0
F037,2023,1,37,22,26,22,33,1,0
F037,2023,2,30,19,29,20,27,1,0
F037,2023,3,30,21,30,21,29,3,0
F037,2023,4,40,25,22,16,31,2,0
F037,2023,5,38,29,26,22,33,3,0
F037,2023,6,29,17,30,25,32,1,0
F037,2023,7,42,28,33,24,29,3,0
F037,2023,8,41,24,32,27,34,1,0
F037,2023,9,34,27,26,23,28,1,0
F037,2023,10,38,24,33,28,26,2,0
F037,2023,11,37,23,30,25,30,1,0
F037,2023,12,42,32,33,25,26,2,0
F037,2024,1,29,16,23,16,26,1,0
F037,2024,2,37,29,29,20,29,2,0
F037,2024,3,36,26,33,28,30,2,0
F037,2024,4,37,22,32,23,29,2,0
F037,2024,5,30,17,27,21,29,3,0
F037,2024,6,40,24,32,25,33,3,0
F037,2024,7,40,25,34,31,34,3,0
F037,2024,8,36,27,26,24,34,1,0
F037,2024,9,32,21,32,29,30,2,0
F037,2024,10,40,31,33,25,31,3,0
F037,2024,11,31,24,27,22,27,2,0
F037,2024,12,40,22,27,19,25,1,0
F039,2023,1,151,83,86,65,128,9,0
F039,2023,2,140,98,109,85,121,9,0
F039,2023,3,114,74,83,58,127,5,0
F039,2023,4,140,86,119,91,120,13,0
F039,2023,5,112,88,86,75,131,8,0
F039,2023,6,115,66,96,85,124,11,0
F039,2023,7,128,94,88,75,126,6,0
F039,2023,8,139,107,115,97,109,9,0
F039,2023,9,121,96,108,81,102,9,0
F039,2023,10,127,97,129,107,102,11,0
F039,2023,11,130,97,94,71,122,10,0
F039,2023,12,149,115,98,84,97,11,0
F039,2024,1,125,79,119,97,107,9,0
F039,2024,2,136,82,92,80,96,5,0
F039,2024,3,116,77,127,99,126,8,0
F039,2024,4,143,89,120,110,101,12,0
F039,2024,5,129,71,106,90,97,5,0
F039,2024,6,131,82,125,101,120,12,0
F039,2024,7,127,83,107,95,103,11,0
F039,2024,8,142,79,113,99,118,5,0
F039,2024,9,139,90,106,98,122,8,0
F039,2024,10,129,95,106,100,106,9,0
F039,2024,11,115,83,120,113,102,10,0
F039,2024,12,154,97,127,89,96,14,0
F040,2023,1,113,63,94,78,113,7,1
F040,2023,2,127,86,118,106,128,7,0
F040,2023,3,151,85,110,81,131,11,0
F040,2023,4,148,100,89,73,114,6,0
F040,2023,5,156,97,125,88,124,8,0
F040,2023,6,115,86,109,98,98,10,0
F040,2023,7,135,89,124,97,97,8,0
F040,2023,8,125,93,123,105,125,12,0
F040,2023,9,129,85,90,71,105,10,0
F040,2023,10,112,71,122,110,122,7,0
F040,2023,11,130,73,93,85,124,9,0
F040,2023,12,122,74,94,73,111,5,0
F040,2024,1,127,85,89,79,98,9,0
F040,2024,2,112,80,118,100,107,13,0
F040,2024,3,152,105,95,82,124,10,0
F040,2024,4,158,112,101,73,114,9,0
F040,2024,5,133,89,95,66,104,10,0
F040,2024,6,114,72,125,101,119,6,0
F040,2024,7,142,83,121,108,119,9,0
F040,2024,8,138,107,98,77,102,7,0
F040,2024,9,144,88,91,70,118,7,0
F040,2024,10,138,96,97,76,104,9,0
F040,2024,11,117,84,123,94,97,8,0
F040,2024,12,154,98,124,108,117,14,0
F041,2023,1,42,23,28,24,29,2,0
F041,2023,2,40,22,33,27,28,3,0
F041,2023,3,36,20,33,29,30,2,0
F041,2023,4,40,24,22,18,32,1,0
F041,2023,5,36,22,33,24,28,2,0
F041,2023,6,39,29,28,19,32,2,0
F041,2023,7,39,27,30,25,31,2,0
F041,2023,8,31,24,24,20,30,1,0
F041,2023,9,30,19,28,20,33,2,0
F041,2023,10,34,25,26,18,30,1,0
F041,2023,11,30,22,31,23,28,3,0
F041,2023,12,41,28,32,25,29,3,0
F041,2024,1,31,22,30,25,30,3,0
F041,2024,2,35,26,26,24,26,1,0
F041,2024,3,37,26,23,17,29,2,0
F041,2024,4,34,19,30,21,33,1,0
F041,2024,5,38,24,29,22,30,2,0
F041,2024,6,33,19,28,26,25,2,0
F041,2024,7,29,21,24,18,26,1,0
F041,2024,8,40,22,21,19,30,1,0
F041,2024,9,29,16,28,20,26,2,1
F041,2024,10,40,26,27,21,32,1,0
F041,2024,11,31,23,26,23,28,2,0
F041,2024,12,41,24,25,17,27,1,0
F042,2023,1,42,30,34,30,26,1,0
F042,2023,2,33,21,25,22,26,2,0
F042,2023,3,33,22,32,25,26,1,0
F042,2023,4,28,18,30,21,30,1,0
F042,2023,5,32,24,25,19,33,2,0
F042,2023,6,41,28,28,25,34,2,0
F042,2023,7,34,25,25,21,32,2,0
F042,2023,8,30,21,34,25,26,2,0
F042,2023,9,31,18,21,19,33,1,0
F042,2023,10,37,21,29,21,26,2,0
F042,2023,11,35,27,29,26,28,2,0
F042,2023,12,36,21,29,25,30,1,0
F042,2024,1,30,16,28,24,31,1,0
F042,2024,2,42,32,33,23,34,3,0
F042,2024,3,38,24,25,19,35,1,0
F042,2024,4,39,28,34,28,34,1,0
F042,2024,5,41,22,34,29,32,3,0
F042,2024,6,29,21,23,20,34,1,0
F042,2024,7,28,17,24,17,32,1,0
F042,2024,8,33,22,29,25,31,1,0
F042,2024,9,38,26,34,28,33,4,0
F042,2024,10,38,26,21,16,26,1,0
F042,2024,11,38,22,33,29,34,2,0
F042,2024,12,40,22,28,19,34,1,0
F043,2023,1,28,20,25,23,31,2,0
F043,2023,2,37,23,29,22,33,1,0
F043,2023,3,37,22,21,19,29,2,0
F043,2023,4,33,24,34,30,29,2,0
F043,2023,5,42,30,33,28,35,2,0
F043,2023,6,38,27,34,23,33,4,0
F043,2023,7,32,19,33,25,29,3,0
F043,2023,8,37,22,31,21,28,3,0
F043,2023,9,39,28,31,22,34,2,0
F043,2023,10,36,25,24,20,31,2,0
F043,2023,11,34,22,21,19,35,1,0
F043,2023,12,41,25,28,26,30,2,0
F043,2024,1,43,30,23,16,35,1,0
F043,2024,2,37,21,31,27,33,2,0
F043,2024,3,31,22,34,24,30,2,0
F043,2024,4,39,22,26,21,30,2,0
F043,2024,5,36,21,21,16,30,1,0
F043,2024,6,32,17,29,25,26,2,0
F043,2024,7,39,26,24,21,29,2,1
F043,2024,8,29,17,32,24,31,3,0
F043,2024,9,39,28,30,24,26,3,0
F043,2024,10,38,22,25,19,31,1,0
F043,2024,11,35,21,22,16,34,2,0
F043,2024,12,42,28,21,19,26,1,0
F044,2023,1,125,87,84,75,99,4,0
F044,2023,2,135,82,91,79,117,9,0
F044,2023,3,115,82,121,88,109,12,0
F044,2023,4,138,93,126,114,98,6,0
F044,2023,5,119,94,79,63,116,6,0
F044,2023,6,141,91,103,78,103,10,0
F044,2023,7,161,104,94,72,107,7,0
F044,2023,8,151,83,104,90,119,7,0
F044,2023,9,144,110,108,92,108,10,1
F044,2023,10,149,116,129,95,119,10,0
F044,2023,11,116,91,104,75,121,8,0
F044,2023,12,159,92,81,75,116,9,0
F044,2024,1,148,114,108,95,122,6,0
F044,2024,2,112,70,97,91,109,9,0
F044,2024,3,141,82,83,62,115,4,0
F044,2024,4,133,94,87,72,119,4,0
F044,2024,5,112,87,130,103,123,12,0
F044,2024,6,122,68,111,101,114,6,0
F044,2024,7,113,72,118,93,121,7,0
F044,2024,8,155,96,82,57,100,5,0
F044,2024,9,124,77,83,63,119,7,0
F044,2024,10,109,83,96,89,100,5,0
F044,2024,11,133,104,85,60,107,7,0
F044,2024,12,143,100,117,97,112,7,0
F046,2023,1,83,59,56,40,65,6,0
F046,2023,2,90,63,59,43,67,4,0
F046,2023,3,78,43,48,34,59,5,0
F046,2023,4,66,51,58,43,58,3,0
F046,2023,5,90,60,72,50,63,4,0
F046,2023,6,94,68,54,47,60,5,0
F046,2023,7,74,44,60,56,59,7,0
F046,2023,8,84,60,56,43,76,5,1
F046,2023,9,68,47,63,55,64,3,0
F046,2023,10,76,52,61,46,58,3,0
F046,2023,11,85,66,63,44,66,3,0
F046,2023,12,70,53,57,47,73,3,0
F046,2024,1,83,49,49,37,71,4,0
F046,2024,2,81,45,67,54,59,7,0
F046,2024,3,80,49,56,39,60,4,0
F046,2024,4,81,49,55,51,67,5,0
F046,2024,5,78,43,57,50,74,5,0
F046,2024,6,82,46,49,36,68,3,0
F046,2024,7,91,60,65,52,68,4,0
F046,2024,8,79,48,78,67,71,7,0
F046,2024,9,94,54,60,46,63,6,0
F046,2024,10,73,54,67,52,67,5,0
F046,2024,11,88,61,69,56,67,3,0
F046,2024,12,85,53,53,50,59,3,0
F048,2023,1,32,18,23,18,27,2,0
F048,2023,2,36,23,30,22,29,2,0
F048,2023,3,37,23,32,26,28,2,0
F048,2023,4,31,22,25,18,34,1,0
F048,2023,5,31,22,31,21,26,2,1
F048,2023,6,33,22,21,15,28,2,0
F048,2023,7,41,23,24,19,26,1,0
F048,2023,8,35,22,21,15,27,1,0
F048,2023,9,34,25,29,26,26,2,0
F048,2023,10,33,21,28,25,26,2,0
F048,2023,11,41,27,24,18,27,1,0
F048,2023,12,29,22,21,14,34,1,0
F048,2024,1,34,22,21,15,33,1,0
F048,2024,2,30,19,30,27,28,2,0
F048,2024,3,40,30,26,20,29,1,0
F048,2024,4,38,22,33,24,30,1,0
F048,2024,5,29,20,34,27,27,3,0
F048,2024,6,42,29,25,20,27,1,0
F048,2024,7,31,22,21,17,29,2,0
F048,2024,8,38,25,34,31,32,2,0
F048,2024,9,29,17,30,22,34,1,0
F048,2024,10,32,24,23,17,30,1,0
F048,2024,11,36,20,30,25,28,2,0
F048,2024,12,36,23,24,17,34,1,0
F050,2023,1,88,56,67,49,70,4,0
F050,2023,2,79,46,75,58,65,7,0
F050,2023,3,88,49,62,49,58,7,0
F050,2023,4,86,61,78,59,59,7,0
F050,2023,5,73,49,74,54,71,6,0
F050,2023,6,75,45,60,54,61,6,0
F050,2023,7,96,59,68,60,78,7,1
F050,2023,8,82,63,58,41,70,3,0
F050,2023,9,89,65,52,38,66,4,0
F050,2023,10,67,45,57,42,70,3,0
F050,2023,11,90,62,60,46,60,3,0
F050,2023,12,84,65,55,42,69,4,0
F050,2024,1,96,62,62,49,68,3,0
F050,2024,2,94,60,63,56,78,7,0
F050,2024,3,65,45,54,51,63,4,0
F050,2024,4,90,60,54,49,60,5,0
F050,2024,5,92,60,60,51,58,6,0
F050,2024,6,76,48,48,34,75,4,0
F050,2024,7,84,60,68,47,67,3,0
F050,2024,8,65,50,61,44,60,3,0
F050,2024,9,74,55,62,52,70,5,0
F050,2024,10,96,69,66,60,64,4,0
F050,2024,11,88,51,55,48,62,4,0
F050,2024,12,96,57,70,49,67,7,0
F051,2023,1,40,28,25,20,31,2,0
F051,2023,2,38,21,32,28,25,2,0
F051,2023,3,32,22,24,21,29,2,0
F051,2023,4,33,19,27,22,26,2,0
F051,2023,5,38,27,27,20,27,2,0
F051,2023,6,32,20,31,24,33,1,0
F051,2023,7,36,27,24,17,32,1,0
F051,2023,8,43,32,26,21,27,3,0
F051,2023,9,40,30,24,20,29,2,0
F051,2023,10,42,31,25,18,31,1,0
F051,2023,11,42,23,30,24,27,3,0
F051,2023,12,35,20,29,24,26,1,0
F051,2024,1,42,32,31,28,29,3,0
F051,2024,2,33,25,21,16,34,2,0
F051,2024,3,33,23,34,28,34,3,0
F051,2024,4,34,22,21,15,27,1,0
F051,2024,5,39,29,25,18,28,2,1
F051,2024,6,32,24,24,17,31,2,0
F051,2024,7,31,20,27,20,34,1,0
F051,2024,8,41,29,22,18,33,2,0
F051,2024,9,31,21,30,27,32,1,0
F051,2024,10,35,20,25,17,27,2,0
F051,2024,11,39,24,28,21,27,1,0
F051,2024,12,31,24,22,16,31,2,0
F052,2023,1,87,69,49,39,59,4,0
F052,2023,2,66,52,54,48,74,3,0
F052,2023,3,87,66,74,55,77,6,0
F052,2023,4,70,43,62,49,69,3,0
F052,2023,5,65,50,51,47,70,5,0
F052,2023,6,82,45,76,70,65,4,0
F052,2023,7,83,59,50,42,71,5,0
F052,2023,8,70,54,66,49,77,4,0
F052,2023,9,75,45,76,71,59,4,0
F052,2023,10,74,47,60,48,57,4,0
F052,2023,11,86,57,68,59,62,5,0
F052,2023,12,87,58,60,53,76,7,0
F052,2024,1,70,46,63,56,64,3,0
F052,2024,2,84,55,78,62,78,8,0
F052,2024,3,82,48,53,45,78,5,0
F052,2024,4,82,63,61,54,77,4,0
F052,2024,5,96,53,71,51,75,6,0
F052,2024,6,93,61,57,51,63,6,0
F052,2024,7,74,45,73,67,63,4,0
F052,2024,8,68,43,57,44,66,5,0
F052,2024,9,74,45,58,50,58,4,0
F052,2024,10,86,48,63,54,61,6,0
F052,2024,11,68,40,66,62,68,4,0
F052,2024,12,74,57,64,55,65,5,0
F053,2023,1,133,98,100,82,114,7,0
F053,2023,2,139,81,116,101,105,9,0
F053,2023,3,130,77,104,74,125,12,0
F053,2023,4,154,121,96,85,108,6,0
F053,2023,5,127,71,113,93,108,11,0
F053,2023,6,122,79,119,85,116,9,0
F053,2023,7,126,91,93,75,103,10,0
F053,2023,8,157,89,125,109,105,14,0
F053,2023,9,124,95,124,104,112,9,0
F053,2023,10,115,90,97,74,107,11,0
F053,2023,11,148,106,112,91,129,5,0
F053,2023,12,157,103,127,114,104,14,0
F053,2024,1,143,94,121,99,98,11,0
F053,2024,2,129,92,118,111,99,12,1
F053,2024,3,117,87,90,84,110,6,0
F053,2024,4,114,83,104,86,116,6,0
F053,2024,5,152,86,115,98,96,10,0
F053,2024,6,111,81,94,71,120,10,0
F053,2024,7,138,100,131,102,104,11,0
F053,2024,8,109,76,126,99,121,8,0
F053,2024,9,137,85,122,92,103,14,0
F053,2024,10,153,105,125,115,127,9,0
F053,2024,11,110,80,108,96,116,7,0
F053,2024,12,114,85,100,89,105,11,0
F054,2023,1,139,83,112,94,127,7,0
F054,2023,2,160,115,117,100,103,8,0
F054,2023,3,120,88,111,104,121,12,0
F054,2023,4,137,103,122,88,126,7,0
F054,2023,5,144,111,113,95,130,6,0
F054,2023,6,132,93,106,92,119,11,0
F054,2023,7,159,89,127,96,115,8,0
F054,2023,8,139,93,79,68,124,7,0
F054,2023,9,140,88,119,95,105,6,0
F054,2023,10,143,85,94,84,120,8,0
F054,2023,11,160,116,87,78,119,5,0
F054,2023,12,160,93,90,73,108,4,0
F054,2024,1,140,98,79,59,120,8,0
F054,2024,2,156,109,111,84,130,11,0
F054,2024,3,112,72,116,87,103,10,0
F054,2024,4,160,100,90,80,115,4,0
F054,2024,5,124,80,106,89,102,12,0
F054,2024,6,126,79,88,63,120,5,0
F054,2024,7,159,114,121,95,107,12,0
F054,2024,8,124,86,78,59,109,8,0
F054,2024,9,137,108,79,59,100,4,0
F054,2024,10,132,92,81,63,105,9,0
F054,2024,11,161,98,82,77,103,4,0
F054,2024,12,147,89,104,86,98,12,0
F055,2023,1,93,61,66,59,67,7,0
F055,2023,2,68,44,61,52,68,5,0
F055,2023,3,94,69,53,37,61,3,0
F055,2023,4,78,59,66,49,77,5,0
F055,2023,5,67,40,56,47,73,5,0
F055,2023,6,95,75,76,60,58,8,0
F055,2023,7,88,66,48,44,69,5,0
F055,2023,8,74,47,53,42,75,5,0
F055,2023,9,94,74,52,48,77,5,0
F055,2023,10,78,48,62,49,65,5,0
F055,2023,11,80,44,50,40,65,5,0
F055,2023,12,84,62,60,46,64,3,0
F055,2024,1,64,45,74,67,66,6,0
F055,2024,2,70,43,77,63,65,8,0
F055,2024,3,90,56,59,53,72,5,0
F055,2024,4,87,65,53,42,73,3,0
F055,2024,5,79,43,72,61,58,6,0
F055,2024,6,70,41,71,53,57,6,0
F055,2024,7,73,52,59,55,75,6,0
F055,2024,8,75,54,75,58,67,6,0
F055,2024,9,67,48,51,43,64,3,0
F055,2024,10,84,61,64,48,71,7,0
F055,2024,11,92,57,66,59,72,7,0
F055,2024,12,83,50,58,51,71,5,0
F056,2023,1,82,54,68,48,79,6,0
F056,2023,2,82,55,56,47,62,3,0
F056,2023,3,93,60,53,48,69,4,0
F056,2023,4,93,58,47,40,73,4,0
F056,2023,5,92,64,61,52,63,3,0
F056,2023,6,84,53,63,48,72,4,0
F056,2023,7,73,41,69,51,72,7,0
F056,2023,8,93,55,67,62,64,6,0
F056,2023,9,82,48,57,49,64,4,0
F056,2023,10,84,58,61,55,73,7,0
F056,2023,11,92,69,65,51,77,7,0
F056,2023,12,67,48,65,47,74,6,0
F056,2024,1,82,61,64,50,70,7,0
F056,2024,2,83,53,77,63,73,7,0
F056,2024,3,92,70,60,54,59,4,0
F056,2024,4,86,52,48,44,75,4,0
F056,2024,5,68,37,69,54,59,4,0
F056,2024,6,89,54,78,68,65,4,0
F056,2024,7,80,58,66,60,69,7,0
F056,2024,8,71,47,65,53,73,5,0
F056,2024,9,88,64,75,62,76,4,0
F056,2024,10,85,60,74,64,60,4,0
F056,2024,11,84,64,76,57,59,5,0
F056,2024,12,85,56,68,62,74,4,0
F058,2023,1,149,97,91,75,123,8,0
F058,2023,2,135,76,114,84,122,12,0
F058,2023,3,117,65,93,71,125,6,0
F058,2023,4,140,95,124,104,110,8,0
F058,2023,5,114,84,120,113,120,8,0
F058,2023,6,108,78,124,92,106,7,0
F058,2023,7,134,97,107,95,125,12,0
F058,2023,8,150,91,104,79,105,6,0
F058,2023,9,111,70,113,95,107,12,0
F058,2023,10,120,73,96,69,110,5,0
F058,2023,11,112,86,123,104,129,10,0
F058,2023,12,127,78,87,62,130,4,0
F058,2024,1,116,78,128,115,105,10,0
F058,2024,2,128,79,112,87,125,8,0
F058,2024,3,114,84,91,80,97,9,0
F058,2024,4,122,95,98,91,131,10,0
F058,2024,5,109,63,108,98,114,9,0
F058,2024,6,140,89,113,99,106,10,0
F058,2024,7,123,93,113,100,106,7,0
F058,2024,8,161,115,102,80,104,6,1
F058,2024,9,122,78,84,64,105,6,0
F058,2024,10,134,91,120,106,101,7,0
F058,2024,11,148,101,120,92,107,6,0
F058,2024,12,120,66,91,65,129,6,0
F060,2023,1,158,90,119,104,118,10,0
F060,2023,2,119,71,104,96,100,10,0
F060,2023,3,114,73,122,90,100,14,0
F060,2023,4,161,88,89,74,103,9,0
F060,2023,5,133,79,129,117,128,6,0
F060,2023,6,111,74,90,73,129,4,0
F060,2023,7,116,81,127,106,118,14,0
F060,2023,8,119,93,87,82,115,9,0
F060,2023,9,142,91,114,95,124,7,0
F060,2023,10,120,94,106,81,131,10,0
F060,2023,11,147,101,96,79,121,8,0
F060,2023,12,144,98,126,113,117,8,0
F060,2024,1,134,103,108,83,124,5,0
F060,2024,2,118,91,117,108,107,7,0
F060,2024,3,118,81,102,73,117,6,1
F060,2024,4,110,85,108,101,102,6,0
F060,2024,5,152,120,122,86,96,11,0
F060,2024,6,160,106,84,62,100,8,1
F060,2024,7,135,101,104,97,107,8,0
F060,2024,8,138,76,104,96,99,11,0
F060,2024,9,141,96,109,101,131,5,0
F060,2024,10,114,90,122,105,112,7,0
F060,2024,11,143,91,131,106,116,12,0
F060,2024,12,115,89,89,64,123,7,0
F062,2023,1,76,49,58,53,77,6,0
F062,2023,2,76,47,47,34,67,2,0
F062,2023,3,68,39,51,46,65,2,1
F062,2023,4,71,54,70,55,76,4,0
F062,2023,5,96,76,54,41,74,6,0
F062,2023,6,67,48,55,51,68,6,0
F062,2023,7,66,39,52,46,69,3,0
F062,2023,8,92,72,57,41,60,5,0
F062,2023,9,88,52,71,51,60,4,0
F062,2023,10,76,49,61,47,73,3,0
F062,2023,11,92,54,52,40,76,4,0
F062,2023,12,89,63,62,46,59,5,0
F062,2024,1,76,53,73,54,64,5,0
F062,2024,2,92,57,73,54,61,8,0
F062,2024,3,79,51,73,54,77,6,0
F062,2024,4,74,48,47,42,79,3,0
F062,2024,5,69,50,52,36,70,4,0
F062,2024,6,69,42,61,43,63,5,0
F062,2024,7,95,67,59,51,61,6,0
F062,2024,8,84,65,54,39,58,4,0
F062,2024,9,72,55,66,49,59,6,0
F062,2024,10,95,59,72,54,59,3,0
F062,2024,11,71,50,66,59,72,5,0
F062,2024,12,82,55,57,50,65,4,0
F064,2023,1,42,25,24,18,30,1,0
F064,2023,2,37,27,30,22,28,2,0
F064,2023,3,37,29,31,28,27,2,0
F064,2023,4,33,22,29,23,32,2,0
F064,2023,5,41,27,33,30,34,2,0
F064,2023,6,33,18,28,21,25,3,0
F064,2023,7,36,26,33,25,26,3,0
F064,2023,8,41,29,32,28,29,1,0
F064,2023,9,36,25,27,20,29,1,0
F064,2023,10,39,28,29,26,33,2,0
F064,2023,11,29,21,32,25,26,2,0
F064,2023,12,36,22,22,19,25,1,0
F064,2024,1,32,25,29,23,32,3,0
F064,2024,2,29,16,26,20,34,2,0
F064,2024,3,31,22,31,27,34,2,0
F064,2024,4,30,17,23,16,27,2,1
F064,2024,5,35,23,26,21,26,2,0
F064,2024,6,32,19,29,27,33,3,0
F064,2024,7,37,24,26,18,26,3,0
F064,2024,8,41,30,27,19,31,2,0
F064,2024,9,31,19,30,26,29,3,0
F064,2024,10,34,18,33,29,33,1,0
F064,2024,11,40,23,33,29,26,1,0
F064,2024,12,36,21,34,29,28,3,1
F065,2023,1,157,119,118,108,128,11,0
F065,2023,2,150,109,84,75,128,6,0
F065,2023,3,133,75,122,88,118,6,0
F065,2023,4,158,126,90,67,101,5,0
F065,2023,5,128,95,126,117,129,10,0
F065,2023,6,131,76,82,75,96,8,0
F065,2023,7,121,75,121,96,107,14,0
F065,2023,8,157,92,116,105,119,12,0
F065,2023,9,153,94,106,82,112,7,0
F065,2023,10,125,99,87,63,105,9,0
F065,2023,11,121,77,90,77,118,6,0
F065,2023,12,158,120,129,95,101,10,0
F065,2024,1,141,100,79,57,114,6,0
F065,2024,2,150,99,94,86,102,9,0
F065,2024,3,134,80,81,75,128,7,0
F065,2024,4,145,112,100,91,123,8,0
F065,2024,5,109,64,120,102,111,11,0
F065,2024,6,140,108,112,85,121,6,0
F065,2024,7,152,106,124,117,130,11,0
F065,2024,8,147,114,96,78,130,6,0
F065,2024,9,142,82,89,66,114,8,0
F065,2024,10,117,90,103,77,129,10,0
F065,2024,11,149,97,95,84,115,6,0
F065,2024,12,124,86,120,113,120,8,0
F066,2023,1,111,85,80,56,119,8,0
F066,2023,2,130,96,125,105,108,14,0
F066,2023,3,137,109,90,85,107,10,0
F066,2023,4,119,76,105,77,100,10,0
F066,2023,5,147,96,97,79,109,8,0
F066,2023,6,143,113,130,118,118,6,0
F066,2023,7,151,100,99,88,98,7,0
F066,2023,8,160,91,95,68,129,7,0
F066,2023,9,113,72,86,61,104,5,0
F066,2023,10,114,78,124,115,108,11,0
F066,2023,11,118,82,124,98,109,10,0
F066,2023,12,148,109,85,76,98,8,0
F066,2024,1,152,85,112,102,106,5,0
F066,2024,2,134,78,79,62,110,5,0
F066,2024,3,130,77,79,67,102,8,0
F066,2024,4,155,116,100,75,119,5,0
F066,2024,5,148,98,90,76,127,10,0
F066,2024,6,112,64,123,115,111,13,0
F066,2024,7,119,89,113,101,122,12,0
F066,2024,8,118,86,122,107,127,6,0
F066,2024,9,146,85,107,90,107,7,0
F066,2024,10,136,97,92,77,117,7,0
F066,2024,11,151,118,104,94,119,7,0
F066,2024,12,157,108,109,81,129,7,0
F067,2023,1,74,54,76,56,58,4,0
F067,2023,2,84,48,71,64,67,5,0
F067,2023,3,71,52,67,58,67,6,0
F067,2023,4,95,75,60,44,74,3,0
F067,2023,5,72,56,73,51,72,8,0
F067,2023,6,88,69,65,59,61,6,0
F067,2023,7,71,54,62,54,59,6,0
F067,2023,8,76,55,62,43,62,3,0
F067,2023,9,66,42,62,53,65,3,0
F067,2023,10,74,51,52,40,64,4,0
F067,2023,11,82,63,62,50,59,4,0
F067,2023,12,84,53,69,57,70,7,0
F067,2024,1,90,55,75,67,61,6,0
F067,2024,2,80,56,72,53,74,7,0
F067,2024,3,89,48,66,48,69,6,0
F067,2024,4,87,59,52,45,67,2,0
F067,2024,5,86,64,48,40,76,4,0
F067,2024,6,91,58,65,56,71,7,0
F067,2024,7,96,70,63,53,63,3,0
F067,2024,8,83,49,71,51,64,7,0
F067,2024,9,75,59,52,46,60,4,0
F067,2024,10,87,64,69,61,66,4,0
F067,2024,11,88,60,74,54,71,5,0
F067,2024,12,67,48,49,39,75,5,0
