facility_id,year,month,month_name,total_opd_visits,under5_visits,new_cases,referrals_out
F001,2023,1,January,1981,752,1357,29
F001,2023,2,February,1502,463,1034,50
F001,2023,3,March,2320,822,1530,77
F001,2023,4,April,2810,907,1625,46
F001,2023,5,May,1558,561,871,30
F001,2023,6,June,1550,498,1066,40
F001,2023,7,July,1556,507,1054,18
F001,2023,8,August,1567,594,956,59
F001,2023,9,September,2069,696,1150,25
F001,2023,10,October,2804,938,1675,49
F001,2023,11,November,2820,837,1663,39
F001,2023,12,December,2145,683,1478,81
F001,2024,1,January,1509,517,957,19
F001,2024,2,February,2037,663,1160,41
F001,2024,3,March,2039,584,1208,47
F001,2024,4,April,2656,784,1852,90
F001,2024,5,May,2028,710,1284,76
F001,2024,6,June,1603,611,945,58
F001,2024,7,July,2242,612,1327,36
F001,2024,8,August,1842,650,1248,46
F001,2024,9,September,1751,676,976,50
F001,2024,10,October,3028,777,1816,42
F001,2024,11,November,3223,883,1986,100
F001,2024,12,December,2060,549,1425,63
F002,2023,1,January,989,252,598,26
F002,2023,2,February,1157,296,699,43
F002,2023,3,March,1928,493,1163,58
F002,2023,4,April,1690,512,1071,61
F002,2023,5,May,1484,537,1022,25
F002,2023,6,June,997,368,574,22
F002,2023,7,July,1007,391,672,22
F002,2023,8,August,1301,468,763,19
F002,2023,9,September,1320,405,733,31
F002,2023,10,October,1325,513,798,45
F002,2023,11,November,1849,524,1200,40
F002,2023,12,December,1067,277,710,21
F002,2024,1,January,1205,424,815,24
F002,2024,2,February,916,349,539,25
F002,2024,3,March,1937,495,1238,39
F002,2024,4,April,1783,562,1243,24
F002,2024,5,May,1439,400,801,33
F002,2024,6,June,1211,449,790,46
F002,2024,7,July,1342,375,824,51
F002,2024,8,August,1452,498,943,19
F002,2024,9,September,1440,469,936,28
F002,2024,10,October,1713,570,991,51
F002,2024,11,November,1465,530,843,39
F002,2024,12,December,1143,428,680,18
F003,2023,1,January,2285,779,1367,53
F003,2023,2,February,2175,710,1455,84
F003,2023,3,March,2906,1013,1722,86
F003,2023,4,April,2755,727,1908,46
F003,2023,5,May,1810,671,1035,20
F003,2023,6,June,2483,848,1651,58
F003,2023,7,July,2386,802,1569,51
F003,2023,8,August,1899,516,1240,69
F003,2023,9,September,2360,903,1573,39
F003,2023,10,October,2995,1061,1855,80
F003,2023,11,November,3142,842,1790,75
F003,2023,12,December,2031,678,1213,66
F003,2024,1,January,1942,722,1327,44
F003,2024,2,February,2406,762,1380,86
F003,2024,3,March,2535,919,1713,46
F003,2024,4,April,2960,955,1734,68
F003,2024,5,May,2213,631,1328,81
F003,2024,6,June,1580,430,959,23
F003,2024,7,July,1713,534,1027,41
F003,2024,8,August,1562,585,950,51
F003,2024,9,September,2446,618,1668,66
F003,2024,10,October,2570,1005,1528,55
F003,2024,11,November,3109,1166,1960,99
F003,2024,12,December,2299,884,1432,41
F004,2023,1,January,198,61,128,6
F004,2023,2,February,222,83,152,8
F004,2023,3,March,264,101,168,7
F004,2023,4,April,205,64,139,3
F004,2023,5,May,176,52,108,3
F004,2023,6,June,237,69,164,5
F004,2023,7,July,233,74,154,2
F004,2023,8,August,245,69,137,9
F004,2023,9,September,154,39,90,5
F004,2023,10,October,275,78,170,3
F004,2023,11,November,318,101,187,6
F004,2023,12,December,210,82,138,7
F004,2024,1,January,166,49,105,6
F004,2024,2,February,207,79,125,7
F004,2024,3,March,220,74,148,3
F004,2024,4,April,285,84,186,9
F004,2024,5,May,229,76,127,5
F004,2024,6,June,216,56,139,2
F004,2024,7,July,192,62,118,4
F004,2024,8,August,239,76,136,3
F004,2024,9,September,202,70,129,7
F004,2024,10,October,295,94,198,8
F004,2024,11,November,236,67,162,4
F004,2024,12,December,195,70,123,5
F005,2023,1,January,1101,356,659,27
F005,2023,2,February,1112,321,658,31
F005,2023,3,March,1856,618,1164,29
F005,2023,4,April,1358,422,859,23
F005,2023,5,May,1185,422,731,12
F005,2023,6,June,1076,334,631,32
F005,2023,7,July,1121,373,674,44
F005,2023,8,August,1230,372,760,23
F005,2023,9,September,1038,371,620,33
F005,2023,10,October,1911,675,1105,61
F005,2023,11,November,1385,468,919,38
F005,2023,12,December,1488,557,884,30
F005,2024,1,January,1081,385,615,12
F005,2024,2,February,932,273,644,27
F005,2024,3,March,1757,466,969,32
F005,2024,4,April,1543,464,1072,27
F005,2024,5,May,1417,378,793,35
F005,2024,6,June,1246,439,713,42
F005,2024,7,July,1469,386,862,39
F005,2024,8,August,1149,389,738,38
F005,2024,9,September,1128,435,670,31
F005,2024,10,October,1504,504,840,58
F005,2024,11,November,1247,454,802,22
F005,2024,12,December,948,271,599,13
F006,2023,1,January,1145,404,710,12
F006,2023,2,February,1072,313,727,13
F006,2023,3,March,1352,391,904,37
F006,2023,4,April,1797,502,1019,30
F006,2023,5,May,989,286,565,11
F006,2023,6,June,1375,466,926,51
F006,2023,7,July,1163,372,692,25
F006,2023,8,August,1063,351,654,29
F006,2023,9,September,1433,516,917,15
F006,2023,10,October,1348,473,915,37
F006,2023,11,November,1186,432,798,32
F006,2023,12,December,1357,374,851,31
F006,2024,1,January,1066,425,655,36
F006,2024,2,February,1481,474,905,29
F006,2024,3,March,1251,342,765,31
F006,2024,4,April,1686,522,1119,18
F006,2024,5,May,952,274,540,31
F006,2024,6,June,1418,529,780,51
F006,2024,7,July,1177,303,738,33
F006,2024,8,August,1199,379,668,21
F006,2024,9,September,978,286,667,24
F006,2024,10,October,1192,410,798,37
F006,2024,11,November,1412,355,863,23
F006,2024,12,December,1404,374,971,41
F007,2023,1,January,165,64,97,5
F007,2023,2,February,191,61,118,4
F007,2023,3,March,213,59,136,6
F007,2023,4,April,212,55,141,7
F007,2023,5,May,183,67,107,1
F007,2023,6,June,222,83,141,6
F007,2023,7,July,236,74,146,4
F007,2023,8,August,226,69,155,8
F007,2023,9,September,248,70,150,8
F007,2023,10,October,248,73,153,9
F007,2023,11,November,244,97,163,7
F007,2023,12,December,165,65,93,6
F007,2024,1,January,183,48,123,2
F007,2024,2,February,241,60,137,8
F007,2024,3,March,321,83,214,5
F007,2024,4,April,276,85,155,5
F007,2024,5,May,217,71,150,6
F007,2024,6,June,238,76,150,6
F007,2024,7,July,173,61,102,2
F007,2024,8,August,159,63,105,4
F007,2024,9,September,160,43,95,1
F007,2024,10,October,237,61,143,5
F007,2024,11,November,226,70,147,3
F007,2024,12,December,167,57,101,5
F008,2023,1,January,1997,673,1167,58
F008,2023,2,February,1959,685,1341,46
F008,2023,3,March,2323,771,1303,89
F008,2023,4,April,3233,953,2244,99
F008,2023,5,May,1956,577,1369,69
F008,2023,6,June,1606,493,969,30
F008,2023,7,July,2199,556,1483,48
F008,2023,8,August,1508,572,1005,59
F008,2023,9,September,2410,871,1626,89
F008,2023,10,October,2958,841,1982,49
F008,2023,11,November,2197,631,1457,72
F008,2023,12,December,2180,589,1230,62
F008,2024,1,January,1539,566,854,32
F008,2024,2,February,1631,630,976,36
F008,2024,3,March,2211,813,1506,46
F008,2024,4,April,2602,756,1495,97
F008,2024,5,May,2444,965,1452,88
F008,2024,6,June,2304,737,1293,75
F008,2024,7,July,1725,606,1123,37
F008,2024,8,August,2345,782,1321,51
F008,2024,9,September,1764,473,1067,57
F008,2024,10,October,2290,703,1478,48
F008,2024,11,November,2827,906,1817,108
F008,2024,12,December,1828,624,1182,53
F009,2023,1,January,491,174,317,6
F009,2023,2,February,386,98,269,5
F009,2023,3,March,563,186,342,11
F009,2023,4,April,796,282,502,21
F009,2023,5,May,556,212,360,19
F009,2023,6,June,528,206,312,16
F009,2023,7,July,429,135,251,8
F009,2023,8,August,620,189,424,18
F009,2023,9,September,390,113,271,15
F009,2023,10,October,755,199,439,22
F009,2023,11,November,803,206,481,31
F009,2023,12,December,571,160,385,15
F009,2024,1,January,521,193,304,17
F009,2024,2,February,572,194,338,22
F009,2024,3,March,808,267,541,10
F009,2024,4,April,769,207,464,25
F009,2024,5,May,522,131,307,7
F009,2024,6,June,480,128,268,11
F009,2024,7,July,465,157,287,7
F009,2024,8,August,528,189,362,15
F009,2024,9,September,450,155,249,17
F009,2024,10,October,762,239,431,23
F009,2024,11,November,631,242,377,9
F009,2024,12,December,406,139,258,12
F010,2023,1,January,470,159,279,11
F010,2023,2,February,482,177,273,14
F010,2023,3,March,772,256,524,17
F010,2023,4,April,776,242,523,17
F010,2023,5,May,557,165,332,9
F010,2023,6,June,613,216,380,7
F010,2023,7,July,396,124,262,8
F010,2023,8,August,407,105,282,10
F010,2023,9,September,542,168,369,20
F010,2023,10,October,624,241,348,11
F010,2023,11,November,589,156,368,8
F010,2023,12,December,495,186,298,13
F010,2024,1,January,403,117,235,9
F010,2024,2,February,515,188,331,15
F010,2024,3,March,668,228,433,20
F010,2024,4,April,496,144,329,18
F010,2024,5,May,462,128,264,13
F010,2024,6,June,392,141,272,4
F010,2024,7,July,507,155,313,7
F010,2024,8,August,452,134,312,12
F010,2024,9,September,595,162,394,6
F010,2024,10,October,514,162,315,14
F010,2024,11,November,622,175,389,12
F010,2024,12,December,402,141,256,10
F011,2023,1,January,180,50,125,2
F011,2023,2,February,170,66,113,5
F011,2023,3,March,232,62,144,5
F011,2023,4,April,211,69,123,5
F011,2023,5,May,216,65,131,6
F011,2023,6,June,193,61,108,3
F011,2023,7,July,192,59,124,3
F011,2023,8,August,190,75,109,7
F011,2023,9,September,196,69,118,4
F011,2023,10,October,208,65,126,2
F011,2023,11,November,308,111,179,10
F011,2023,12,December,157,54,98,2
F011,2024,1,January,227,68,157,6
F011,2024,2,February,164,43,96,2
F011,2024,3,March,214,77,120,8
F011,2024,4,April,276,88,175,7
F011,2024,5,May,218,83,140,8
F011,2024,6,June,182,72,108,4
F011,2024,7,July,196,67,131,5
F011,2024,8,August,185,48,114,2
F011,2024,9,September,186,54,120,7
F011,2024,10,October,206,69,125,5
F011,2024,11,November,319,115,177,11
F011,2024,12,December,207,57,132,5
F012,2023,1,January,614,194,412,21
F012,2023,2,February,620,162,401,6
F012,2023,3,March,717,285,450,20
F012,2023,4,April,605,234,367,20
F012,2023,5,May,544,140,350,10
F012,2023,6,June,457,152,277,8
F012,2023,7,July,587,231,375,8
F012,2023,8,August,395,138,271,7
F012,2023,9,September,539,188,306,16
F012,2023,10,October,515,171,332,10
F012,2023,11,November,529,188,366,21
F012,2023,12,December,603,159,392,15
F012,2024,1,January,379,112,262,7
F012,2024,2,February,566,157,396,8
F012,2024,3,March,583,214,365,15
F012,2024,4,April,727,239,472,26
F012,2024,5,May,529,179,303,8
F012,2024,6,June,548,188,375,17
F012,2024,7,July,385,117,253,15
F012,2024,8,August,527,191,351,8
F012,2024,9,September,434,171,289,16
F012,2024,10,October,550,193,349,12
F012,2024,11,November,737,270,460,16
F012,2024,12,December,415,116,265,15
F013,2023,1,January,1552,499,940,59
F013,2023,2,February,2211,723,1257,27
F013,2023,3,March,2158,684,1353,75
F013,2023,4,April,2069,799,1391,75
F013,2023,5,May,2430,758,1481,51
F013,2023,6,June,1886,494,1100,36
F013,2023,7,July,1599,571,959,22
F013,2023,8,August,1538,596,954,53
F013,2023,9,September,2258,723,1450,83
F013,2023,10,October,1974,557,1129,75
F013,2023,11,November,2741,859,1826,46
F013,2023,12,December,1621,463,1046,46
F013,2024,1,January,1562,586,976,40
F013,2024,2,February,2131,716,1401,39
F013,2024,3,March,1952,591,1240,30
F013,2024,4,April,2818,925,1702,108
F013,2024,5,May,2044,752,1279,21
F013,2024,6,June,2373,608,1442,50
F013,2024,7,July,2247,682,1258,38
F013,2024,8,August,2157,572,1374,70
F013,2024,9,September,1633,494,981,47
F013,2024,10,October,3029,1068,2111,73
F013,2024,11,November,2186,590,1437,83
F013,2024,12,December,1536,430,1027,56
F014,2023,1,January,453,134,276,15
F014,2023,2,February,493,125,318,9
F014,2023,3,March,767,197,497,13
F014,2023,4,April,747,235,455,17
F014,2023,5,May,614,184,354,18
F014,2023,6,June,466,172,274,5
F014,2023,7,July,481,151,336,7
F014,2023,8,August,448,118,268,8
F014,2023,9,September,486,173,279,11
F014,2023,10,October,632,226,434,17
F014,2023,11,November,628,217,419,7
F014,2023,12,December,542,168,339,17
F014,2024,1,January,414,105,280,12
F014,2024,2,February,484,130,283,14
F014,2024,3,March,605,237,335,8
F014,2024,4,April,633,193,390,7
F014,2024,5,May,409,124,244,7
F014,2024,6,June,615,156,355,15
F014,2024,7,July,603,161,401,18
F014,2024,8,August,428,146,279,17
F014,2024,9,September,425,114,238,6
F014,2024,10,October,719,287,482,28
F014,2024,11,November,808,282,530,21
F014,2024,12,December,447,131,256,13
F015,2023,1,January,1320,364,797,22
F015,2023,2,February,1491,549,872,37
F015,2023,3,March,1451,487,899,57
F015,2023,4,April,1271,486,711,27
F015,2023,5,May,1330,427,813,29
F015,2023,6,June,1244,334,743,15
F015,2023,7,July,1179,386,671,41
F015,2023,8,August,1230,415,818,17
F015,2023,9,September,1201,456,810,30
F015,2023,10,October,1407,385,971,23
F015,2023,11,November,1909,625,1131,23
F015,2023,12,December,1017,400,601,29
F015,2024,1,January,1268,334,819,35
F015,2024,2,February,1248,344,803,46
F015,2024,3,March,1433,556,797,51
F015,2024,4,April,1233,483,820,22
F015,2024,5,May,1026,344,659,11
F015,2024,6,June,1433,475,926,27
F015,2024,7,July,1046,388,639,24
F015,2024,8,August,1313,359,804,31
F015,2024,9,September,1104,299,749,21
F015,2024,10,October,1940,585,1183,63
F015,2024,11,November,1571,417,921,21
F015,2024,12,December,1169,316,651,44
F016,2023,1,January,1418,443,984,52
F016,2023,2,February,1388,541,913,21
F016,2023,3,March,1294,516,802,47
F016,2023,4,April,1557,410,948,36
F016,2023,5,May,1044,352,581,19
F016,2023,6,June,1258,473,818,23
F016,2023,7,July,904,240,515,16
F016,2023,8,August,1119,347,623,12
F016,2023,9,September,1237,376,733,26
F016,2023,10,October,1521,505,1024,43
F016,2023,11,November,1646,443,929,34
F016,2023,12,December,1492,497,902,21
F016,2024,1,January,1261,391,701,14
F016,2024,2,February,1328,492,833,19
F016,2024,3,March,1866,505,1286,36
F016,2024,4,April,1476,505,998,41
F016,2024,5,May,1204,393,750,32
F016,2024,6,June,1184,298,710,15
F016,2024,7,July,1149,340,786,41
F016,2024,8,August,1277,433,753,37
F016,2024,9,September,1483,499,866,17
F016,2024,10,October,1544,507,1016,51
F016,2024,11,November,1466,547,859,39
F016,2024,12,December,1320,367,813,29
F017,2023,1,January,1147,321,717,32
F017,2023,2,February,1182,445,779,36
F017,2023,3,March,1574,525,1101,38
F017,2023,4,April,1463,575,905,38
F017,2023,5,May,1227,431,834,37
F017,2023,6,June,1382,400,860,53
F017,2023,7,July,1067,314,737,42
F017,2023,8,August,1362,484,890,33
F017,2023,9,September,1187,396,819,37
F017,2023,10,October,1394,468,880,51
F017,2023,11,November,1477,445,983,21
F017,2023,12,December,925,363,519,34
F017,2024,1,January,1293,468,752,45
F017,2024,2,February,1062,355,627,14
F017,2024,3,March,1747,499,974,64
F017,2024,4,April,1346,383,760,26
F017,2024,5,May,1183,416,675,46
F017,2024,6,June,1486,406,962,54
F017,2024,7,July,1185,411,786,22
F017,2024,8,August,1071,277,712,31
F017,2024,9,September,1039,374,703,11
F017,2024,10,October,1888,590,1275,71
F017,2024,11,November,1198,449,800,18
F017,2024,12,December,1349,513,800,15
F018,2023,1,January,449,152,309,9
F018,2023,2,February,488,168,306,17
F018,2023,3,March,531,172,313,18
F018,2023,4,April,594,213,384,18
F018,2023,5,May,378,113,224,11
F018,2023,6,June,423,144,273,9
F018,2023,7,July,481,143,293,6
F018,2023,8,August,620,199,428,6
F018,2023,9,September,470,148,277,9
F018,2023,10,October,676,227,398,14
F018,2023,11,November,564,197,349,8
F018,2023,12,December,546,212,373,18
F018,2024,1,January,547,189,378,11
F018,2024,2,February,430,169,267,10
F018,2024,3,March,808,247,529,30
F018,2024,4,April,733,271,493,24
F018,2024,5,May,545,184,364,14
F018,2024,6,June,507,154,348,6
F018,2024,7,July,582,224,337,15
F018,2024,8,August,416,157,256,12
F018,2024,9,September,554,179,379,12
F018,2024,10,October,505,136,309,13
F018,2024,11,November,669,234,398,7
F018,2024,12,December,438,109,255,5
F019,2023,1,January,480,170,302,5
F019,2023,2,February,598,237,371,11
F019,2023,3,March,545,147,352,17
F019,2023,4,April,800,244,546,18
F019,2023,5,May,604,185,339,23
F019,2023,6,June,593,160,402,8
F019,2023,7,July,623,192,354,24
F019,2023,8,August,583,211,406,13
F019,2023,9,September,554,173,336,9
F019,2023,10,October,637,174,368,23
F019,2023,11,November,736,187,477,20
F019,2023,12,December,609,233,356,7
F019,2024,1,January,523,165,340,18
F019,2024,2,February,436,111,268,11
F019,2024,3,March,732,268,417,29
F019,2024,4,April,563,218,358,15
F019,2024,5,May,568,211,332,20
F019,2024,6,June,621,203,380,11
F019,2024,7,July,514,174,339,7
F019,2024,8,August,544,181,303,11
F019,2024,9,September,535,164,336,16
F019,2024,10,October,620,182,358,16
F019,2024,11,November,565,160,383,8
F019,2024,12,December,490,126,299,11
F020,2023,1,January,507,156,298,10
F020,2023,2,February,394,125,238,10
F020,2023,3,March,757,195,459,21
F020,2023,4,April,500,130,335,13
F020,2023,5,May,542,153,315,20
F020,2023,6,June,450,173,261,7
F020,2023,7,July,560,202,371,20
F020,2023,8,August,548,194,334,9
F020,2023,9,September,455,133,282,13
F020,2023,10,October,587,178,400,14
F020,2023,11,November,748,268,496,14
F020,2023,12,December,425,126,236,15
F020,2024,1,January,560,141,354,15
F020,2024,2,February,555,163,321,9
F020,2024,3,March,672,192,425,25
F020,2024,4,April,597,217,372,18
F020,2024,5,May,559,178,368,11
F020,2024,6,June,409,135,236,15
F020,2024,7,July,622,244,390,21
F020,2024,8,August,393,146,219,4
F020,2024,9,September,409,140,229,5
F020,2024,10,October,558,177,311,16
F020,2024,11,November,791,306,513,8
F020,2024,12,December,508,158,280,16
F021,2023,1,January,1221,357,763,37
F021,2023,2,February,1158,452,668,43
F021,2023,3,March,1579,451,1015,27
F021,2023,4,April,1446,533,812,56
F021,2023,5,May,1175,336,769,22
F021,2023,6,June,1396,365,975,41
F021,2023,7,July,919,285,557,22
F021,2023,8,August,1282,455,721,45
F021,2023,9,September,1286,385,895,50
F021,2023,10,October,1867,724,1091,69
F021,2023,11,November,1709,572,1009,64
F021,2023,12,December,1310,382,827,38
F021,2024,1,January,1007,380,556,16
F021,2024,2,February,986,367,663,37
F021,2024,3,March,1403,469,890,49
F021,2024,4,April,1698,562,1031,54
F021,2024,5,May,1374,485,771,44
F021,2024,6,June,1107,292,647,13
F021,2024,7,July,1263,432,807,49
F021,2024,8,August,1095,377,730,25
F021,2024,9,September,1036,344,628,16
F021,2024,10,October,1626,499,1082,30
F021,2024,11,November,1362,355,803,29
F021,2024,12,December,1370,374,833,28
F022,2023,1,January,954,373,588,31
F022,2023,2,February,961,252,590,25
F022,2023,3,March,1569,416,884,41
F022,2023,4,April,1635,601,1111,16
F022,2023,5,May,1148,421,756,30
F022,2023,6,June,1495,428,939,45
F022,2023,7,July,1001,290,590,14
F022,2023,8,August,1000,291,594,33
F022,2023,9,September,1116,437,734,27
F022,2023,10,October,1651,526,941,16
F022,2023,11,November,1478,556,897,53
F022,2023,12,December,1164,366,783,34
F022,2024,1,January,1256,370,804,38
F022,2024,2,February,1187,328,723,23
F022,2024,3,March,1743,601,1211,58
F022,2024,4,April,1424,415,951,29
F022,2024,5,May,1459,408,1020,22
F022,2024,6,June,1360,345,896,52
F022,2024,7,July,1025,378,691,12
F022,2024,8,August,1408,519,916,19
F022,2024,9,September,1081,311,619,24
F022,2024,10,October,1464,464,936,40
F022,2024,11,November,1586,616,1079,35
F022,2024,12,December,922,364,604,31
F023,2023,1,January,523,202,296,9
F023,2023,2,February,541,148,347,14
F023,2023,3,March,697,241,484,13
F023,2023,4,April,746,198,421,12
F023,2023,5,May,561,187,366,9
F023,2023,6,June,468,149,305,14
F023,2023,7,July,412,164,256,7
F023,2023,8,August,605,159,408,19
F023,2023,9,September,462,139,308,11
F023,2023,10,October,600,158,394,14
F023,2023,11,November,509,130,334,5
F023,2023,12,December,460,122,308,17
F023,2024,1,January,560,183,354,11
F023,2024,2,February,481,153,322,13
F023,2024,3,March,548,191,333,17
F023,2024,4,April,774,245,475,7
F023,2024,5,May,428,124,280,14
F023,2024,6,June,519,191,327,10
F023,2024,7,July,424,113,275,10
F023,2024,8,August,616,182,374,13
F023,2024,9,September,403,122,249,6
F023,2024,10,October,706,261,485,19
F023,2024,11,November,705,209,412,9
F023,2024,12,December,468,126,284,13
F024,2023,1,January,518,162,322,13
F024,2023,2,February,604,235,347,9
F024,2023,3,March,581,161,392,16
F024,2023,4,April,768,301,478,12
F024,2023,5,May,470,157,304,10
F024,2023,6,June,497,177,306,7
F024,2023,7,July,516,190,300,5
F024,2023,8,August,431,126,287,11
F024,2023,9,September,568,184,355,15
F024,2023,10,October,574,190,401,15
F024,2023,11,November,733,266,451,12
F024,2023,12,December,481,173,311,8
F024,2024,1,January,593,151,349,21
F024,2024,2,February,396,150,224,13
F024,2024,3,March,555,200,362,19
F024,2024,4,April,685,215,440,22
F024,2024,5,May,578,214,367,15
F024,2024,6,June,524,144,365,9
F024,2024,7,July,518,203,324,19
F024,2024,8,August,578,156,382,12
F024,2024,9,September,389,113,252,12
F024,2024,10,October,530,144,317,9
F024,2024,11,November,761,235,434,22
F024,2024,12,December,531,162,298,17
F025,2023,1,January,567,176,375,17
F025,2023,2,February,594,189,370,16
F025,2023,3,March,769,289,433,30
F025,2023,4,April,693,245,469,23
F025,2023,5,May,474,187,319,11
F025,2023,6,June,455,133,287,6
F025,2023,7,July,588,216,402,19
F025,2023,8,August,386,132,260,4
F025,2023,9,September,607,166,375,24
F025,2023,10,October,626,249,429,22
F025,2023,11,November,585,222,398,7
F025,2023,12,December,465,121,302,13
F025,2024,1,January,387,133,254,12
F025,2024,2,February,482,127,271,7
F025,2024,3,March,512,173,321,11
F025,2024,4,April,490,147,278,17
F025,2024,5,May,548,176,320,6
F025,2024,6,June,576,152,348,10
F025,2024,7,July,470,174,320,13
F025,2024,8,August,544,141,345,15
F025,2024,9,September,416,125,242,13
F025,2024,10,October,786,269,484,12
F025,2024,11,November,778,210,442,24
F025,2024,12,December,462,145,308,8
F026,2023,1,January,2144,615,1372,67
F026,2023,2,February,1784,697,988,63
F026,2023,3,March,3088,867,1979,48
F026,2023,4,April,2459,853,1641,83
F026,2023,5,May,1739,535,1019,50
F026,2023,6,June,1571,602,866,32
F026,2023,7,July,1816,559,1227,41
F026,2023,8,August,2046,564,1269,81
F026,2023,9,September,1572,531,867,25
F026,2023,10,October,3149,1235,1919,58
F026,2023,11,November,2876,1049,1764,63
F026,2023,12,December,2140,707,1226,26
F026,2024,1,January,1579,612,1099,23
F026,2024,2,February,1826,617,1213,53
F026,2024,3,March,2786,826,1715,107
F026,2024,4,April,2260,647,1556,30
F026,2024,5,May,2112,545,1372,62
F026,2024,6,June,1675,421,955,17
F026,2024,7,July,1996,602,1252,69
F026,2024,8,August,1759,537,1165,63
F026,2024,9,September,2232,597,1528,44
F026,2024,10,October,2508,824,1478,98
F026,2024,11,November,2765,897,1732,32
F026,2024,12,December,2359,648,1353,78
F027,2023,1,January,239,83,135,7
F027,2023,2,February,150,56,82,1
F027,2023,3,March,242,93,139,9
F027,2023,4,April,199,73,130,5
F027,2023,5,May,172,49,118,3
F027,2023,6,June,232,77,131,7
F027,2023,7,July,155,43,97,1
F027,2023,8,August,190,72,129,6
F027,2023,9,September,181,47,111,3
F027,2023,10,October,232,85,153,4
F027,2023,11,November,242,95,169,8
F027,2023,12,December,223,74,149,3
F027,2024,1,January,243,61,153,7
F027,2024,2,February,219,55,131,7
F027,2024,3,March,243,87,144,3
F027,2024,4,April,322,100,223,12
F027,2024,5,May,164,47,91,2
F027,2024,6,June,234,72,160,5
F027,2024,7,July,224,75,140,6
F027,2024,8,August,189,64,105,5
F027,2024,9,September,163,47,110,6
F027,2024,10,October,246,92,147,5
F027,2024,11,November,225,88,128,7
F027,2024,12,December,160,42,98,3
F028,2023,1,January,972,295,646,22
F028,2023,2,February,1178,445,663,40
F028,2023,3,March,1407,500,901,23
F028,2023,4,April,1838,500,1206,71
F028,2023,5,May,1137,292,676,39
F028,2023,6,June,1004,394,680,26
F028,2023,7,July,1230,324,695,41
F028,2023,8,August,972,251,648,16
F028,2023,9,September,1018,315,664,38
F028,2023,10,October,1235,417,849,15
F028,2023,11,November,1947,544,1259,66
F028,2023,12,December,955,360,641,13
F028,2024,1,January,1465,377,1008,33
F028,2024,2,February,1334,432,810,30
F028,2024,3,March,1446,558,854,33
F028,2024,4,April,1285,439,825,37
F028,2024,5,May,1199,458,745,15
F028,2024,6,June,1129,353,729,38
F028,2024,7,July,1049,418,662,11
F028,2024,8,August,1129,403,702,37
F028,2024,9,September,1106,370,661,20
F028,2024,10,October,1190,404,659,40
F028,2024,11,November,1389,515,862,28
F028,2024,12,December,1250,356,717,21
F029,2023,1,January,435,143,290,13
F029,2023,2,February,566,221,360,22
F029,2023,3,March,613,239,428,9
F029,2023,4,April,564,167,372,11
F029,2023,5,May,522,185,314,14
F029,2023,6,June,410,160,276,14
F029,2023,7,July,617,204,355,6
F029,2023,8,August,389,132,215,9
F029,2023,9,September,457,156,306,9
F029,2023,10,October,545,201,370,6
F029,2023,11,November,535,190,305,7
F029,2023,12,December,506,154,283,15
F029,2024,1,January,540,182,324,10
F029,2024,2,February,618,222,380,18
F029,2024,3,March,645,191,423,17
F029,2024,4,April,776,265,468,23
F029,2024,5,May,578,177,381,10
F029,2024,6,June,419,104,274,11
F029,2024,7,July,587,214,372,9
F029,2024,8,August,454,168,291,13
F029,2024,9,September,401,130,240,4
F029,2024,10,October,600,178,387,23
F029,2024,11,November,754,264,497,15
F029,2024,12,December,377,106,246,7
F030,2023,1,January,228,81,127,5
F030,2023,2,February,191,52,116,6
F030,2023,3,March,240,73,161,8
F030,2023,4,April,270,98,157,6
F030,2023,5,May,229,58,126,4
F030,2023,6,June,160,48,109,2
F030,2023,7,July,157,61,109,3
F030,2023,8,August,248,95,162,5
F030,2023,9,September,215,73,132,2
F030,2023,10,October,238,94,145,6
F030,2023,11,November,315,104,204,5
F030,2023,12,December,159,49,100,3
F030,2024,1,January,155,38,87,5
F030,2024,2,February,212,68,119,3
F030,2024,3,March,277,109,172,3
F030,2024,4,April,297,95,203,5
F030,2024,5,May,214,65,129,4
F030,2024,6,June,168,43,103,3
F030,2024,7,July,233,77,133,7
F030,2024,8,August,159,55,106,3
F030,2024,9,September,225,63,125,4
F030,2024,10,October,262,103,171,9
F030,2024,11,November,269,76,160,5
F030,2024,12,December,235,59,149,5
F031,2023,1,January,207,82,118,7
F031,2023,2,February,194,76,111,3
F031,2023,3,March,220,56,123,6
F031,2023,4,April,221,82,126,6
F031,2023,5,May,181,64,121,2
F031,2023,6,June,205,68,139,5
F031,2023,7,July,241,60,157,6
F031,2023,8,August,228,60,130,6
F031,2023,9,September,208,82,117,2
F031,2023,10,October,296,108,201,10
F031,2023,11,November,309,89,200,8
F031,2023,12,December,197,54,120,5
F031,2024,1,January,218,67,132,7
F031,2024,2,February,219,56,136,3
F031,2024,3,March,243,73,162,4
F031,2024,4,April,304,115,198,11
F031,2024,5,May,172,50,113,5
F031,2024,6,June,182,65,116,2
F031,2024,7,July,194,75,118,4
F031,2024,8,August,201,61,112,6
F031,2024,9,September,156,55,95,5
F031,2024,10,October,263,88,151,9
F031,2024,11,November,221,57,122,2
F031,2024,12,December,186,52,112,4
F032,2023,1,January,1896,736,1236,32
F032,2023,2,February,1988,630,1379,48
F032,2023,3,March,2666,804,1801,47
F032,2023,4,April,3030,798,1678,34
F032,2023,5,May,2353,863,1369,39
F032,2023,6,June,1725,484,1117,43
F032,2023,7,July,2364,933,1542,57
F032,2023,8,August,1632,450,1093,27
F032,2023,9,September,2108,825,1384,65
F032,2023,10,October,2307,886,1563,54
F032,2023,11,November,2233,659,1402,64
F032,2023,12,December,2084,523,1458,81
F032,2024,1,January,2339,781,1494,43
F032,2024,2,February,2184,703,1311,39
F032,2024,3,March,2372,691,1538,91
F032,2024,4,April,2796,777,1754,48
F032,2024,5,May,1556,589,1044,34
F032,2024,6,June,1819,492,1007,45
F032,2024,7,July,1795,692,1096,57
F032,2024,8,August,2083,831,1400,42
F032,2024,9,September,2213,781,1429,53
F032,2024,10,October,3172,963,1887,47
F032,2024,11,November,2804,935,1665,67
F032,2024,12,December,2240,803,1419,83
F033,2023,1,January,244,93,158,4
F033,2023,2,February,172,65,105,6
F033,2023,3,March,243,82,150,3
F033,2023,4,April,201,69,128,5
F033,2023,5,May,197,54,111,5
F033,2023,6,June,202,63,137,2
F033,2023,7,July,249,75,173,9
F033,2023,8,August,248,67,168,3
F033,2023,9,September,158,47,110,3
F033,2023,10,October,202,64,117,6
F033,2023,11,November,269,73,179,8
F033,2023,12,December,162,51,99,3
F033,2024,1,January,197,49,124,6
F033,2024,2,February,245,94,162,6
F033,2024,3,March,197,49,130,3
F033,2024,4,April,309,91,174,7
F033,2024,5,May,180,46,100,6
F033,2024,6,June,195,63,122,4
F033,2024,7,July,218,58,152,5
F033,2024,8,August,225,61,154,7
F033,2024,9,September,151,42,105,2
F033,2024,10,October,197,64,111,6
F033,2024,11,November,297,90,191,9
F033,2024,12,December,212,71,118,2
F034,2023,1,January,233,59,132,5
F034,2023,2,February,162,46,106,2
F034,2023,3,March,284,71,174,3
F034,2023,4,April,262,89,171,5
F034,2023,5,May,239,78,153,4
F034,2023,6,June,228,74,146,7
F034,2023,7,July,233,92,140,5
F034,2023,8,August,166,55,113,5
F034,2023,9,September,198,56,109,2
F034,2023,10,October,209,70,130,8
F034,2023,11,November,296,77,194,10
F034,2023,12,December,214,68,149,3
F034,2024,1,January,155,57,105,5
F034,2024,2,February,186,65,114,2
F034,2024,3,March,305,116,168,4
F034,2024,4,April,279,83,190,10
F034,2024,5,May,176,63,106,3
F034,2024,6,June,161,49,99,5
F034,2024,7,July,218,70,133,7
F034,2024,8,August,166,44,109,6
F034,2024,9,September,234,62,160,5
F034,2024,10,October,268,84,171,8
F034,2024,11,November,274,103,186,8
F034,2024,12,December,239,77,148,8
F035,2023,1,January,485,125,314,5
F035,2023,2,February,592,194,391,18
F035,2023,3,March,560,220,381,14
F035,2023,4,April,711,243,437,22
F035,2023,5,May,495,173,319,7
F035,2023,6,June,581,222,372,6
F035,2023,7,July,608,198,377,15
F035,2023,8,August,416,150,248,8
F035,2023,9,September,444,144,280,9
F035,2023,10,October,753,197,464,20
F035,2023,11,November,516,167,308,20
F035,2023,12,December,561,141,342,6
F035,2024,1,January,512,191,342,19
F035,2024,2,February,534,204,338,15
F035,2024,3,March,635,191,427,21
F035,2024,4,April,761,228,506,21
F035,2024,5,May,554,168,342,7
F035,2024,6,June,539,134,325,15
F035,2024,7,July,574,190,347,7
F035,2024,8,August,599,193,403,19
F035,2024,9,September,477,137,276,6
F035,2024,10,October,764,215,514,12
F035,2024,11,November,597,217,332,17
F035,2024,12,December,543,145,371,12
F036,2023,1,January,2089,680,1450,21
F036,2023,2,February,2236,744,1374,61
F036,2023,3,March,3151,1156,2163,96
F036,2023,4,April,2175,809,1230,64
F036,2023,5,May,2106,628,1436,47
F036,2023,6,June,2108,745,1237,46
F036,2023,7,July,1842,541,1235,26
F036,2023,8,August,2102,804,1317,74
F036,2023,9,September,2047,608,1352,54
F036,2023,10,October,2232,628,1466,68
F036,2023,11,November,3147,849,2066,123
F036,2023,12,December,1677,555,1082,52
F036,2024,1,January,2260,755,1440,86
F036,2024,2,February,2210,776,1511,57
F036,2024,3,March,3090,968,1705,40
F036,2024,4,April,2445,630,1365,44
F036,2024,5,May,2285,908,1490,32
F036,2024,6,June,1562,574,906,40
F036,2024,7,July,1858,590,1193,56
F036,2024,8,August,2061,584,1333,44
F036,2024,9,September,2010,742,1315,61
F036,2024,10,October,2011,617,1231,67
F036,2024,11,November,2840,1121,1584,91
F036,2024,12,December,1703,647,1156,39
F037,2023,1,January,431,148,282,9
F037,2023,2,February,522,188,302,16
F037,2023,3,March,550,174,383,6
F037,2023,4,April,800,288,454,8
F037,2023,5,May,444,128,254,15
F037,2023,6,June,376,120,259,4
F037,2023,7,July,607,206,404,17
F037,2023,8,August,585,172,391,15
F037,2023,9,September,393,139,247,15
F037,2023,10,October,656,241,376,17
F037,2023,11,November,618,186,421,18
F037,2023,12,December,457,134,316,13
F037,2024,1,January,493,164,326,14
F037,2024,2,February,403,121,236,11
F037,2024,3,March,786,225,437,28
F037,2024,4,April,611,225,346,10
F037,2024,5,May,555,140,348,18
F037,2024,6,June,503,164,313,9
F037,2024,7,July,537,160,301,6
F037,2024,8,August,617,225,388,17
F037,2024,9,September,427,147,248,13
F037,2024,10,October,759,213,511,27
F037,2024,11,November,728,229,489,8
F037,2024,12,December,546,138,359,6
F038,2023,1,January,157,43,92,1
F038,2023,2,February,232,89,141,5
F038,2023,3,March,247,73,150,3
F038,2023,4,April,195,69,109,6
F038,2023,5,May,154,58,92,3
F038,2023,6,June,178,62,114,3
F038,2023,7,July,242,74,162,2
F038,2023,8,August,165,46,109,5
F038,2023,9,September,234,68,150,4
F038,2023,10,October,310,122,210,9
F038,2023,11,November,319,80,217,4
F038,2023,12,December,154,51,93,4
F038,2024,1,January,158,44,104,5
F038,2024,2,February,171,65,115,2
F038,2024,3,March,218,74,128,2
F038,2024,4,April,282,94,157,9
F038,2024,5,May,249,82,161,3
F038,2024,6,June,217,62,125,5
F038,2024,7,July,245,74,159,4
F038,2024,8,August,178,46,103,4
F038,2024,9,September,182,63,119,2
F038,2024,10,October,268,99,185,4
F038,2024,11,November,235,86,154,6
F038,2024,12,December,177,53,115,3
F039,2023,1,January,1979,626,1318,48
F039,2023,2,February,1608,557,904,29
F039,2023,3,March,3024,1160,1752,96
F039,2023,4,April,2764,992,1890,98
F039,2023,5,May,2131,792,1357,70
F039,2023,6,June,1712,437,1008,63
F039,2023,7,July,2039,709,1166,44
F039,2023,8,August,2391,809,1622,33
F039,2023,9,September,2001,527,1209,20
F039,2023,10,October,2260,891,1575,68
F039,2023,11,November,2934,795,1683,79
F039,2023,12,December,2065,786,1181,65
F039,2024,1,January,2439,624,1620,41
F039,2024,2,February,1764,502,1147,45
F039,2024,3,March,2978,917,2047,108
F039,2024,4,April,2001,694,1131,78
F039,2024,5,May,2133,620,1410,58
F039,2024,6,June,2070,634,1256,57
F039,2024,7,July,2398,627,1409,93
F039,2024,8,August,1722,535,1158,35
F039,2024,9,September,2292,878,1262,83
F039,2024,10,October,2521,717,1581,46
F039,2024,11,November,2145,586,1373,74
F039,2024,12,December,2161,674,1295,28
F040,2023,1,January,2175,700,1388,63
F040,2023,2,February,1910,547,1087,53
F040,2023,3,March,2125,694,1452,30
F040,2023,4,April,2166,841,1359,48
F040,2023,5,May,2469,853,1683,78
F040,2023,6,June,2321,910,1351,65
F040,2023,7,July,1971,635,1148,43
F040,2023,8,August,1642,554,1092,47
F040,2023,9,September,2010,553,1312,75
F040,2023,10,October,2725,709,1653,38
F040,2023,11,November,1971,647,1352,60
F040,2023,12,December,2326,792,1341,86
F040,2024,1,January,2099,801,1321,68
F040,2024,2,February,1593,555,1091,41
F040,2024,3,March,1951,762,1271,44
F040,2024,4,April,2496,951,1633,57
F040,2024,5,May,2438,785,1622,50
F040,2024,6,June,2304,889,1556,62
F040,2024,7,July,1925,554,1279,71
F040,2024,8,August,1583,537,999,28
F040,2024,9,September,1505,544,829,38
F040,2024,10,October,2625,803,1524,89
F040,2024,11,November,2481,659,1523,68
F040,2024,12,December,1761,581,1117,49
F041,2023,1,January,622,192,361,16
F041,2023,2,February,514,142,325,12
F041,2023,3,March,808,272,538,17
F041,2023,4,April,532,201,302,8
F041,2023,5,May,570,223,322,14
F041,2023,6,June,571,211,366,17
F041,2023,7,July,388,119,250,13
F041,2023,8,August,580,186,371,7
F041,2023,9,September,440,134,282,13
F041,2023,10,October,789,244,511,14
F041,2023,11,November,800,206,532,12
F041,2023,12,December,498,125,337,18
F041,2024,1,January,504,140,336,12
F041,2024,2,February,549,187,357,11
F041,2024,3,March,700,277,394,12
F041,2024,4,April,617,216,376,9
F041,2024,5,May,378,134,260,10
F041,2024,6,June,556,185,354,11
F041,2024,7,July,578,164,401,13
F041,2024,8,August,475,119,273,11
F041,2024,9,September,514,167,308,6
F041,2024,10,October,654,188,412,22
F041,2024,11,November,568,179,344,13
F041,2024,12,December,435,130,289,13
F042,2023,1,January,599,227,372,10
F042,2023,2,February,470,173,274,14
F042,2023,3,March,747,232,450,19
F042,2023,4,April,715,206,424,15
F042,2023,5,May,562,169,355,8
F042,2023,6,June,453,128,288,7
F042,2023,7,July,561,218,324,18
F042,2023,8,August,433,123,255,7
F042,2023,9,September,583,218,351,19
F042,2023,10,October,526,137,364,13
F042,2023,11,November,489,185,339,17
F042,2023,12,December,467,138,319,17
F042,2024,1,January,518,150,299,17
F042,2024,2,February,502,155,332,6
F042,2024,3,March,658,206,454,7
F042,2024,4,April,600,227,399,14
F042,2024,5,May,405,132,241,4
F042,2024,6,June,543,166,306,11
F042,2024,7,July,590,164,347,10
F042,2024,8,August,614,185,354,13
F042,2024,9,September,479,173,289,10
F042,2024,10,October,633,212,441,19
F042,2024,11,November,752,269,504,20
F042,2024,12,December,589,164,394,18
F043,2023,1,January,493,123,302,6
F043,2023,2,February,598,206,376,11
F043,2023,3,March,645,185,437,7
F043,2023,4,April,519,142,302,9
F043,2023,5,May,584,154,386,10
F043,2023,6,June,465,155,312,9
F043,2023,7,July,477,144,310,13
F043,2023,8,August,519,180,327,20
F043,2023,9,September,446,133,279,14
F043,2023,10,October,632,165,405,15
F043,2023,11,November,798,303,515,30
F043,2023,12,December,480,164,293,17
F043,2024,1,January,394,118,235,11
F043,2024,2,February,552,188,336,20
F043,2024,3,March,741,289,490,18
F043,2024,4,April,633,174,429,8
F043,2024,5,May,433,124,286,14
F043,2024,6,June,427,132,240,16
F043,2024,7,July,493,127,328,12
F043,2024,8,August,624,165,401,7
F043,2024,9,September,607,187,354,19
F043,2024,10,October,631,169,396,9
F043,2024,11,November,498,151,342,17
F043,2024,12,December,491,186,338,12
F044,2023,1,January,1635,641,1031,45
F044,2023,2,February,1956,708,1333,45
F044,2023,3,March,2781,917,1908,67
F044,2023,4,April,2245,591,1338,50
F044,2023,5,May,1655,416,1040,54
F044,2023,6,June,1636,479,1031,50
F044,2023,7,July,1991,723,1184,65
F044,2023,8,August,2297,779,1537,60
F044,2023,9,September,1688,645,1039,29
F044,2023,10,October,2879,998,1941,47
F044,2023,11,November,2052,705,1287,69
F044,2023,12,December,2113,748,1248,62
F044,2024,1,January,2031,589,1174,24
F044,2024,2,February,1636,436,1011,38
F044,2024,3,March,2860,926,1710,41
F044,2024,4,April,3210,813,2233,59
F044,2024,5,May,1625,513,895,20
F044,2024,6,June,1514,427,928,50
F044,2024,7,July,1998,610,1307,21
F044,2024,8,August,1580,572,903,28
F044,2024,9,September,1892,627,1092,69
F044,2024,10,October,2275,698,1255,89
F044,2024,11,November,2879,885,2004,50
F044,2024,12,December,2494,698,1646,31
F045,2023,1,January,216,60,131,8
F045,2023,2,February,243,66,160,7
F045,2023,3,March,266,71,165,5
F045,2023,4,April,241,62,156,9
F045,2023,5,May,173,54,95,5
F045,2023,6,June,208,64,121,8
F045,2023,7,July,208,73,135,3
F045,2023,8,August,227,65,141,6
F045,2023,9,September,183,72,121,2
F045,2023,10,October,241,65,151,3
F045,2023,11,November,258,76,163,7
F045,2023,12,December,184,70,121,1
F045,2024,1,January,187,67,109,2
F045,2024,2,February,220,73,138,5
F045,2024,3,March,268,88,160,6
F045,2024,4,April,307,104,208,4
F045,2024,5,May,203,64,136,5
F045,2024,6,June,195,71,122,6
F045,2024,7,July,238,81,143,6
F045,2024,8,August,182,47,126,6
F045,2024,9,September,168,59,111,2
F045,2024,10,October,231,71,138,2
F045,2024,11,November,280,71,193,4
F045,2024,12,December,153,40,88,1
F046,2023,1,January,1285,396,801,36
F046,2023,2,February,1254,322,731,39
F046,2023,3,March,1180,458,765,44
F046,2023,4,April,1819,582,1174,37
F046,2023,5,May,1346,516,906,45
F046,2023,6,June,934,319,587,29
F046,2023,7,July,1400,366,815,35
F046,2023,8,August,960,273,583,15
F046,2023,9,September,1294,434,895,34
F046,2023,10,October,1605,580,1067,43
F046,2023,11,November,1696,602,1041,22
F046,2023,12,December,1375,457,860,40
F046,2024,1,January,1220,414,841,45
F046,2024,2,February,1230,491,832,27
F046,2024,3,March,1663,621,995,28
F046,2024,4,April,1595,488,1008,51
F046,2024,5,May,1116,354,774,11
F046,2024,6,June,920,269,508,12
F046,2024,7,July,1434,359,1000,23
F046,2024,8,August,1088,397,752,37
F046,2024,9,September,1451,474,922,39
F046,2024,10,October,1243,396,712,22
F046,2024,11,November,1863,535,1096,35
F046,2024,12,December,1242,416,723,15
F047,2023,1,January,182,58,113,6
F047,2023,2,February,220,82,124,6
F047,2023,3,March,199,73,120,6
F047,2023,4,April,314,94,214,7
F047,2023,5,May,243,65,161,7
F047,2023,6,June,234,91,150,6
F047,2023,7,July,155,50,92,4
F047,2023,8,August,182,64,104,5
F047,2023,9,September,249,98,165,6
F047,2023,10,October,206,64,137,2
F047,2023,11,November,238,76,157,6
F047,2023,12,December,176,54,108,5
F047,2024,1,January,226,72,131,4
F047,2024,2,February,207,69,144,5
F047,2024,3,March,226,65,138,6
F047,2024,4,April,269,71,164,5
F047,2024,5,May,169,50,109,5
F047,2024,6,June,166,50,111,5
F047,2024,7,July,212,67,145,3
F047,2024,8,August,218,59,143,2
F047,2024,9,September,223,63,143,3
F047,2024,10,October,303,88,182,10
F047,2024,11,November,234,75,140,7
F047,2024,12,December,171,56,113,4
F048,2023,1,January,530,211,346,15
F048,2023,2,February,469,180,295,8
F048,2023,3,March,507,142,331,9
F048,2023,4,April,638,249,357,19
F048,2023,5,May,540,208,326,7
F048,2023,6,June,448,171,272,17
F048,2023,7,July,502,178,344,12
F048,2023,8,August,524,137,303,20
F048,2023,9,September,515,183,286,19
F048,2023,10,October,586,189,387,6
F048,2023,11,November,709,215,422,28
F048,2023,12,December,619,180,346,10
F048,2024,1,January,471,188,329,18
F048,2024,2,February,612,173,367,13
F048,2024,3,March,532,191,334,16
F048,2024,4,April,771,272,472,20
F048,2024,5,May,481,142,308,11
F048,2024,6,June,407,141,259,12
F048,2024,7,July,425,115,277,15
F048,2024,8,August,602,189,413,19
F048,2024,9,September,539,180,309,6
F048,2024,10,October,660,236,381,23
F048,2024,11,November,534,135,319,20
F048,2024,12,December,615,181,407,21
F049,2023,1,January,213,76,122,3
F049,2023,2,February,163,41,113,4
F049,2023,3,March,273,93,174,4
F049,2023,4,April,198,51,132,2
F049,2023,5,May,234,74,151,3
F049,2023,6,June,188,60,108,3
F049,2023,7,July,190,75,130,7
F049,2023,8,August,172,60,99,2
F049,2023,9,September,167,65,102,4
F049,2023,10,October,284,107,194,6
F049,2023,11,November,295,100,198,9
F049,2023,12,December,189,73,120,4
F049,2024,1,January,214,76,118,2
F049,2024,2,February,195,74,132,3
F049,2024,3,March,264,104,146,5
F049,2024,4,April,294,115,170,6
F049,2024,5,May,238,87,141,3
F049,2024,6,June,179,69,116,6
F049,2024,7,July,196,67,110,4
F049,2024,8,August,167,56,114,4
F049,2024,9,September,189,56,104,4
F049,2024,10,October,311,119,212,3
F049,2024,11,November,237,82,155,3
F049,2024,12,December,223,58,146,6
F050,2023,1,January,951,338,626,37
F050,2023,2,February,1267,347,801,14
F050,2023,3,March,1303,391,886,46
F050,2023,4,April,1296,352,862,14
F050,2023,5,May,1084,389,752,20
F050,2023,6,June,1008,387,699,10
F050,2023,7,July,1359,342,848,33
F050,2023,8,August,1384,472,863,22
F050,2023,9,September,1295,411,798,36
F050,2023,10,October,1175,449,695,33
F050,2023,11,November,1809,508,1045,21
F050,2023,12,December,1109,301,615,30
F050,2024,1,January,1261,377,710,16
F050,2024,2,February,1496,410,886,44
F050,2024,3,March,1715,575,1087,66
F050,2024,4,April,1754,533,974,57
F050,2024,5,May,1093,420,735,35
F050,2024,6,June,1405,364,871,19
F050,2024,7,July,1415,423,866,23
F050,2024,8,August,1025,265,651,40
F050,2024,9,September,1217,320,801,34
F050,2024,10,October,1784,635,1095,63
F050,2024,11,November,1372,461,882,51
F050,2024,12,December,1268,411,836,31
F051,2023,1,January,576,220,336,10
F051,2023,2,February,423,113,262,14
F051,2023,3,March,727,204,466,16
F051,2023,4,April,502,151,336,8
F051,2023,5,May,535,189,314,6
F051,2023,6,June,450,149,299,6
F051,2023,7,July,458,141,290,17
F051,2023,8,August,583,162,393,21
F051,2023,9,September,494,158,274,6
F051,2023,10,October,538,171,365,19
F051,2023,11,November,637,237,439,7
F051,2023,12,December,505,169,329,13
F051,2024,1,January,379,127,227,14
F051,2024,2,February,573,148,327,20
F051,2024,3,March,597,182,376,8
F051,2024,4,April,684,190,388,22
F051,2024,5,May,452,171,296,8
F051,2024,6,June,396,151,239,13
F051,2024,7,July,450,147,259,9
F051,2024,8,August,384,107,216,9
F051,2024,9,September,574,221,328,11
F051,2024,10,October,644,245,384,12
F051,2024,11,November,737,195,513,18
F051,2024,12,December,623,174,346,13
F052,2023,1,January,1418,379,846,16
F052,2023,2,February,1408,536,844,51
F052,2023,3,March,1250,456,827,13
F052,2023,4,April,1761,609,1023,28
F052,2023,5,May,1071,353,713,32
F052,2023,6,June,1063,290,602,41
F052,2023,7,July,1235,327,779,32
F052,2023,8,August,1062,415,712,28
F052,2023,9,September,1002,297,685,26
F052,2023,10,October,1209,307,828,13
F052,2023,11,November,1469,386,894,45
F052,2023,12,December,1434,493,937,33
F052,2024,1,January,1113,333,645,36
F052,2024,2,February,1385,362,953,45
F052,2024,3,March,1612,425,1080,49
F052,2024,4,April,1245,369,805,41
F052,2024,5,May,1182,463,675,43
F052,2024,6,June,1054,320,608,39
F052,2024,7,July,1098,416,657,27
F052,2024,8,August,939,250,583,33
F052,2024,9,September,1069,323,680,26
F052,2024,10,October,1486,530,841,39
F052,2024,11,November,1225,361,758,33
F052,2024,12,December,1043,298,598,25
F053,2023,1,January,1566,440,1024,35
F053,2023,2,February,2480,831,1491,76
F053,2023,3,March,2175,762,1437,68
F053,2023,4,April,3037,811,1941,60
F053,2023,5,May,1597,505,952,35
F053,2023,6,June,2098,740,1341,72
F053,2023,7,July,1827,633,1021,30
F053,2023,8,August,1638,552,1086,56
F053,2023,9,September,2257,787,1394,42
F053,2023,10,October,2750,871,1597,99
F053,2023,11,November,2339,863,1524,87
F053,2023,12,December,2436,871,1674,96
F053,2024,1,January,2082,711,1304,73
F053,2024,2,February,2352,610,1611,91
F053,2024,3,March,1951,651,1359,25
F053,2024,4,April,2316,589,1423,64
F053,2024,5,May,2125,758,1298,48
F053,2024,6,June,1711,472,976,45
F053,2024,7,July,2343,712,1435,43
F053,2024,8,August,2372,637,1308,69
F053,2024,9,September,1643,628,1065,64
F053,2024,10,October,2126,575,1426,76
F053,2024,11,November,3111,1102,2145,89
F053,2024,12,December,1954,612,1315,42
F054,2023,1,January,1725,541,950,43
F054,2023,2,February,2230,795,1316,84
F054,2023,3,March,2699,688,1499,66
F054,2023,4,April,2429,818,1686,30
F054,2023,5,May,2230,733,1513,72
F054,2023,6,June,1779,582,1118,50
F054,2023,7,July,1745,601,1133,52
F054,2023,8,August,2184,722,1391,62
F054,2023,9,September,2403,793,1325,56
F054,2023,10,October,3127,1050,1875,64
F054,2023,11,November,3221,947,1852,99
F054,2023,12,December,2097,619,1400,37
F054,2024,1,January,2129,716,1353,63
F054,2024,2,February,1791,645,992,43
F054,2024,3,March,2114,552,1411,37
F054,2024,4,April,2750,801,1618,88
F054,2024,5,May,2103,812,1389,62
F054,2024,6,June,1869,516,1247,31
F054,2024,7,July,1680,552,932,66
F054,2024,8,August,2467,837,1660,86
F054,2024,9,September,2252,702,1368,67
F054,2024,10,October,2893,795,1841,101
F054,2024,11,November,2020,585,1359,23
F054,2024,12,December,1964,631,1220,75
F055,2023,1,January,1453,414,948,31
F055,2023,2,February,1057,348,650,19
F055,2023,3,March,1791,550,1069,46
F055,2023,4,April,1915,506,1205,39
F055,2023,5,May,1406,480,910,25
F055,2023,6,June,1062,393,624,29
F055,2023,7,July,1176,413,689,35
F055,2023,8,August,1362,446,887,54
F055,2023,9,September,1087,273,599,13
F055,2023,10,October,1490,489,972,30
F055,2023,11,November,1735,499,963,49
F055,2023,12,December,934,316,638,15
F055,2024,1,January,1259,337,873,15
F055,2024,2,February,1262,386,838,37
F055,2024,3,March,1796,498,1017,27
F055,2024,4,April,1399,488,785,33
F055,2024,5,May,1497,547,978,44
F055,2024,6,June,1362,393,908,24
F055,2024,7,July,937,288,655,16
F055,2024,8,August,1387,383,777,54
F055,2024,9,September,1020,315,659,13
F055,2024,10,October,1591,500,1021,20
F055,2024,11,November,1514,437,840,18
F055,2024,12,December,1336,489,738,33
F056,2023,1,January,1291,322,717,28
F056,2023,2,February,990,296,602,10
F056,2023,3,March,1721,629,1069,38
F056,2023,4,April,1737,645,973,29
F056,2023,5,May,1130,399,753,15
F056,2023,6,June,1221,486,732,23
F056,2023,7,July,933,372,603,19
F056,2023,8,August,1412,425,954,46
F056,2023,9,September,1073,300,679,41
F056,2023,10,October,1685,496,1025,22
F056,2023,11,November,1707,551,1165,39
F056,2023,12,December,1013,258,561,40
F056,2024,1,January,1043,321,697,30
F056,2024,2,February,1199,473,805,46
F056,2024,3,March,1182,355,709,37
F056,2024,4,April,1486,418,963,38
F056,2024,5,May,1464,557,923,47
F056,2024,6,June,1039,270,686,25
F056,2024,7,July,911,351,585,15
F056,2024,8,August,1289,325,831,47
F056,2024,9,September,1392,368,893,48
F056,2024,10,October,1219,454,691,33
F056,2024,11,November,1650,428,957,33
F056,2024,12,December,1401,505,855,19
F057,2023,1,January,218,72,130,8
F057,2023,2,February,171,43,98,2
F057,2023,3,March,230,83,132,4
F057,2023,4,April,216,61,137,3
F057,2023,5,May,229,78,138,3
F057,2023,6,June,237,62,130,8
F057,2023,7,July,220,74,130,6
F057,2023,8,August,229,73,130,3
F057,2023,9,September,177,56,103,2
F057,2023,10,October,284,96,186,8
F057,2023,11,November,206,77,122,4
F057,2023,12,December,205,57,143,8
F057,2024,1,January,211,80,147,5
F057,2024,2,February,196,67,113,2
F057,2024,3,March,209,56,141,7
F057,2024,4,April,259,70,178,3
F057,2024,5,May,186,52,109,5
F057,2024,6,June,239,75,135,2
F057,2024,7,July,203,55,112,5
F057,2024,8,August,157,44,96,4
F057,2024,9,September,191,69,130,3
F057,2024,10,October,209,59,122,4
F057,2024,11,November,220,84,123,6
F057,2024,12,December,155,48,90,4
F058,2023,1,January,1678,513,1038,26
F058,2023,2,February,1858,539,1115,20
F058,2023,3,March,2689,785,1523,64
F058,2023,4,April,2493,907,1453,47
F058,2023,5,May,1656,611,1147,61
F058,2023,6,June,2078,691,1214,46
F058,2023,7,July,2021,766,1177,48
F058,2023,8,August,1962,494,1205,70
F058,2023,9,September,1747,550,1019,66
F058,2023,10,October,3180,1230,2177,71
F058,2023,11,November,2007,800,1324,50
F058,2023,12,December,1925,595,1292,59
F058,2024,1,January,1597,517,898,52
F058,2024,2,February,2193,682,1277,45
F058,2024,3,March,2260,903,1248,67
F058,2024,4,April,2160,688,1372,59
F058,2024,5,May,2476,791,1413,76
F058,2024,6,June,1684,641,1084,52
F058,2024,7,July,1501,516,912,46
F058,2024,8,August,2030,597,1345,62
F058,2024,9,September,2112,710,1227,64
F058,2024,10,October,2756,827,1901,70
F058,2024,11,November,3133,954,1747,67
F058,2024,12,December,1965,503,1188,57
F059,2023,1,January,220,73,146,3
F059,2023,2,February,183,60,118,5
F059,2023,3,March,292,111,191,9
F059,2023,4,April,293,87,200,7
F059,2023,5,May,192,49,116,4
F059,2023,6,June,200,74,124,5
F059,2023,7,July,232,89,143,4
F059,2023,8,August,217,76,151,7
F059,2023,9,September,168,64,94,3
F059,2023,10,October,218,85,122,3
F059,2023,11,November,209,56,119,3
F059,2023,12,December,245,62,150,7
F059,2024,1,January,243,78,148,7
F059,2024,2,February,152,42,84,5
F059,2024,3,March,303,99,181,8
F059,2024,4,April,280,103,174,8
F059,2024,5,May,203,67,125,5
F059,2024,6,June,239,70,159,4
F059,2024,7,July,187,54,126,2
F059,2024,8,August,178,70,114,2
F059,2024,9,September,203,56,116,6
F059,2024,10,October,312,115,179,4
F059,2024,11,November,324,108,199,6
F059,2024,12,December,170,60,110,6
F060,2023,1,January,1647,522,1146,42
F060,2023,2,February,1621,411,1117,53
F060,2023,3,March,3182,1238,1824,124
F060,2023,4,April,2659,867,1720,50
F060,2023,5,May,2395,947,1588,95
F060,2023,6,June,2166,801,1428,81
F060,2023,7,July,1838,490,1142,20
F060,2023,8,August,2178,582,1206,62
F060,2023,9,September,1720,522,1030,48
F060,2023,10,October,2203,724,1469,72
F060,2023,11,November,2204,578,1493,66
F060,2023,12,December,2457,973,1496,60
F060,2024,1,January,2103,687,1174,63
F060,2024,2,February,1897,677,1165,40
F060,2024,3,March,1965,592,1171,45
F060,2024,4,April,2679,756,1830,86
F060,2024,5,May,1915,605,1100,60
F060,2024,6,June,2397,861,1467,84
F060,2024,7,July,2097,569,1248,83
F060,2024,8,August,2025,608,1397,56
F060,2024,9,September,1875,470,1210,34
F060,2024,10,October,2177,695,1382,81
F060,2024,11,November,2209,828,1310,54
F060,2024,12,December,2322,685,1480,57
F061,2023,1,January,223,63,149,3
F061,2023,2,February,180,62,116,2
F061,2023,3,March,281,82,162,10
F061,2023,4,April,278,70,184,6
F061,2023,5,May,247,83,149,6
F061,2023,6,June,193,55,126,7
F061,2023,7,July,231,70,152,2
F061,2023,8,August,175,59,100,4
F061,2023,9,September,219,66,122,4
F061,2023,10,October,277,108,154,5
F061,2023,11,November,278,72,160,8
F061,2023,12,December,226,76,129,4
F061,2024,1,January,181,68,121,3
F061,2024,2,February,219,66,138,4
F061,2024,3,March,213,57,126,7
F061,2024,4,April,248,96,142,4
F061,2024,5,May,200,74,133,5
F061,2024,6,June,218,85,147,6
F061,2024,7,July,220,81,134,8
F061,2024,8,August,161,43,88,3
F061,2024,9,September,219,59,134,8
F061,2024,10,October,263,104,151,5
F061,2024,11,November,291,77,165,8
F061,2024,12,December,218,64,126,8
F062,2023,1,January,1154,420,654,12
F062,2023,2,February,1190,374,689,13
F062,2023,3,March,1684,570,1044,62
F062,2023,4,April,1203,355,663,15
F062,2023,5,May,974,331,621,15
F062,2023,6,June,1302,331,744,42
F062,2023,7,July,1066,359,642,38
F062,2023,8,August,1368,467,856,16
F062,2023,9,September,1391,507,875,43
F062,2023,10,October,1922,530,1274,19
F062,2023,11,November,1735,674,1193,61
F062,2023,12,December,1184,419,684,35
F062,2024,1,January,964,361,672,21
F062,2024,2,February,1208,375,802,23
F062,2024,3,March,1533,502,957,31
F062,2024,4,April,1394,499,783,34
F062,2024,5,May,1130,359,746,34
F062,2024,6,June,1404,398,857,55
F062,2024,7,July,1156,437,790,39
F062,2024,8,August,1463,446,807,44
F062,2024,9,September,1303,403,818,39
F062,2024,10,October,1262,390,825,49
F062,2024,11,November,1748,670,1005,36
F062,2024,12,December,1019,285,689,22
F063,2023,1,January,173,54,108,5
F063,2023,2,February,226,76,149,7
F063,2023,3,March,317,96,206,12
F063,2023,4,April,323,105,184,7
F063,2023,5,May,162,52,94,6
F063,2023,6,June,152,54,102,3
F063,2023,7,July,152,42,97,3
F063,2023,8,August,180,61,119,5
F063,2023,9,September,201,65,124,3
F063,2023,10,October,259,84,163,8
F063,2023,11,November,265,66,176,10
F063,2023,12,December,238,63,146,8
F063,2024,1,January,194,49,111,5
F063,2024,2,February,227,86,130,5
F063,2024,3,March,235,72,156,6
F063,2024,4,April,258,85,162,6
F063,2024,5,May,206,56,115,3
F063,2024,6,June,209,64,136,6
F063,2024,7,July,178,46,113,2
F063,2024,8,August,186,69,118,6
F063,2024,9,September,212,65,130,8
F063,2024,10,October,248,64,145,4
F063,2024,11,November,235,61,153,8
F063,2024,12,December,161,44,101,1
F064,2023,1,January,539,168,338,12
F064,2023,2,February,380,121,210,7
F064,2023,3,March,672,200,379,16
F064,2023,4,April,712,199,444,24
F064,2023,5,May,541,148,321,21
F064,2023,6,June,425,146,295,5
F064,2023,7,July,587,165,346,11
F064,2023,8,August,518,192,333,20
F064,2023,9,September,554,186,353,10
F064,2023,10,October,671,221,412,13
F064,2023,11,November,512,191,320,9
F064,2023,12,December,540,160,330,9
F064,2024,1,January,503,176,317,18
F064,2024,2,February,531,173,306,13
F064,2024,3,March,702,262,484,12
F064,2024,4,April,694,257,470,25
F064,2024,5,May,608,218,339,9
F064,2024,6,June,490,140,324,16
F064,2024,7,July,586,182,397,21
F064,2024,8,August,533,200,314,9
F064,2024,9,September,415,146,242,7
F064,2024,10,October,536,136,358,10
F064,2024,11,November,645,257,395,23
F064,2024,12,December,425,123,235,14
F065,2023,1,January,1777,591,1149,20
F065,2023,2,February,2222,816,1240,81
F065,2023,3,March,2358,694,1319,91
F065,2023,4,April,3115,1092,2127,68
F065,2023,5,May,2339,880,1369,63
F065,2023,6,June,2000,536,1299,54
F065,2023,7,July,2275,747,1420,28
F065,2023,8,August,2099,768,1253,73
F065,2023,9,September,2237,829,1479,85
F065,2023,10,October,2233,594,1299,40
F065,2023,11,November,2480,940,1384,64
F065,2023,12,December,2199,587,1389,53
F065,2024,1,January,1746,509,1165,25
F065,2024,2,February,1975,602,1177,57
F065,2024,3,March,3126,797,2066,106
F065,2024,4,April,2021,783,1315,35
F065,2024,5,May,1884,651,1234,69
F065,2024,6,June,2185,721,1279,50
F065,2024,7,July,1507,593,1038,56
F065,2024,8,August,1800,702,1194,34
F065,2024,9,September,2359,646,1452,46
F065,2024,10,October,3005,1041,2008,54
F065,2024,11,November,2054,753,1281,65
F065,2024,12,December,2426,727,1487,91
F066,2023,1,January,1600,438,942,19
F066,2023,2,February,1920,690,1213,38
F066,2023,3,March,2853,1039,1843,44
F066,2023,4,April,2526,874,1390,40
F066,2023,5,May,1805,607,1022,31
F066,2023,6,June,2213,808,1432,30
F066,2023,7,July,2094,652,1446,49
F066,2023,8,August,2373,640,1366,65
F066,2023,9,September,1827,533,1027,38
F066,2023,10,October,2461,754,1661,66
F066,2023,11,November,1976,500,1252,56
F066,2023,12,December,1728,455,1070,30
F066,2024,1,January,2351,605,1510,65
F066,2024,2,February,1649,649,949,44
F066,2024,3,March,1968,647,1310,74
F066,2024,4,April,3025,980,1765,48
F066,2024,5,May,2446,909,1442,79
F066,2024,6,June,1882,592,1093,30
F066,2024,7,July,2324,834,1344,35
F066,2024,8,August,2292,582,1596,39
F066,2024,9,September,1950,560,1242,57
F066,2024,10,October,2061,660,1402,80
F066,2024,11,November,2466,694,1498,55
F066,2024,12,December,2097,547,1328,24
F067,2023,1,January,1458,467,879,41
F067,2023,2,February,1302,482,854,44
F067,2023,3,March,1174,382,712,46
F067,2023,4,April,1693,456,1157,19
F067,2023,5,May,1007,277,628,20
F067,2023,6,June,1180,310,774,27
F067,2023,7,July,1056,313,735,26
F067,2023,8,August,1484,433,896,33
F067,2023,9,September,1441,417,971,54
F067,2023,10,October,1573,496,904,50
F067,2023,11,November,1553,609,983,58
F067,2023,12,December,1281,404,740,14
F067,2024,1,January,1009,323,579,24
F067,2024,2,February,969,372,604,22
F067,2024,3,March,1941,648,1200,25
F067,2024,4,April,1731,471,1042,27
F067,2024,5,May,1070,401,708,37
F067,2024,6,June,1237,432,719,49
F067,2024,7,July,902,329,520,33
F067,2024,8,August,1047,339,590,20
F067,2024,9,September,1070,425,608,22
F067,2024,10,October,1894,503,1133,20
F067,2024,11,November,1528,544,950,44
F067,2024,12,December,1061,369,635,12
